accuracy,decile,deg_hi,deg_lo,ece,intensity,mean_reliability,method,n_decile,seed,selected_fraction,shift
0.9047619047619048,0,5.0,2.0,0.08916399308613368,0.0,1.0,source_only,21,0,1.0,clean
0.9047619047619048,0,5.0,2.0,0.08859846705482119,0.0,0.4406873537155858,full_method,21,0,0.39999999999999986,clean
0.9047619047619048,0,5.0,2.0,0.08868702536537533,0.0,0.44244208616655784,no_degree_prior,21,0,0.39999999999999986,clean
1.0,1,7.0,5.0,0.016659329334894817,0.0,1.0,source_only,18,0,1.0,clean
1.0,1,7.0,5.0,0.016415715217590332,0.0,0.4406873537155858,full_method,18,0,0.39999999999999986,clean
1.0,1,7.0,5.0,0.016403963168462116,0.0,0.44244208616655784,no_degree_prior,18,0,0.39999999999999986,clean
1.0,2,8.0,7.0,0.008518008391062419,0.0,1.0,source_only,15,0,1.0,clean
1.0,2,8.0,7.0,0.008301289876302083,0.0,0.4406873537155858,full_method,15,0,0.39999999999999986,clean
1.0,2,8.0,7.0,0.008313989639282227,0.0,0.44244208616655784,no_degree_prior,15,0,0.39999999999999986,clean
1.0,3,9.0,8.0,0.012328517436981202,0.0,1.0,source_only,20,0,1.0,clean
1.0,3,9.0,8.0,0.012239417433738709,0.0,0.4406873537155858,full_method,20,0,0.39999999999999986,clean
1.0,3,9.0,8.0,0.0122033029794693,0.0,0.44244208616655784,no_degree_prior,20,0,0.39999999999999986,clean
0.9473684210526315,4,10.0,9.0,0.039258324786236413,0.0,1.0,source_only,19,0,1.0,clean
0.9473684210526315,4,10.0,9.0,0.03938192129135132,0.0,0.4406873537155858,full_method,19,0,0.39999999999999986,clean
0.9473684210526315,4,10.0,9.0,0.039382445184808025,0.0,0.44244208616655784,no_degree_prior,19,0,0.39999999999999986,clean
1.0,5,11.0,10.0,0.004261314868927002,0.0,1.0,source_only,27,0,1.0,clean
1.0,5,11.0,10.0,0.004112899303436279,0.0,0.4406873537155858,full_method,27,0,0.39999999999999986,clean
1.0,5,11.0,10.0,0.004127085208892822,0.0,0.44244208616655784,no_degree_prior,27,0,0.39999999999999986,clean
1.0,7,12.0,11.0,0.003336489200592041,0.0,1.0,source_only,17,0,1.0,clean
1.0,7,12.0,11.0,0.0032114386558532715,0.0,0.4406873537155858,full_method,17,0,0.39999999999999986,clean
1.0,7,12.0,11.0,0.003216683864593506,0.0,0.44244208616655784,no_degree_prior,17,0,0.39999999999999986,clean
1.0,8,13.0,12.0,0.008503332734107971,0.0,1.0,source_only,12,0,1.0,clean
1.0,8,13.0,12.0,0.008473177750905354,0.0,0.4406873537155858,full_method,12,0,0.39999999999999986,clean
1.0,8,13.0,12.0,0.008464227120081583,0.0,0.44244208616655784,no_degree_prior,12,0,0.39999999999999986,clean
1.0,9,20.0,13.0,0.002965867519378662,0.0,1.0,source_only,16,0,1.0,clean
1.0,9,20.0,13.0,0.0028339624404907227,0.0,0.4406873537155858,full_method,16,0,0.39999999999999986,clean
1.0,9,20.0,13.0,0.002851724624633789,0.0,0.44244208616655784,no_degree_prior,16,0,0.39999999999999986,clean
0.8571428571428571,0,5.0,2.0,0.09528481108801705,0.45,1.0,source_only,21,0,1.0,feature_noise
0.8571428571428571,0,5.0,2.0,0.09032850322269258,0.45,0.4292255552614046,full_method,21,0,0.39999999999999986,feature_noise
0.8571428571428571,0,5.0,2.0,0.09045667307717459,0.45,0.4313570401120613,no_degree_prior,21,0,0.39999999999999986,feature_noise
1.0,1,7.0,5.0,0.019383264912499323,0.45,1.0,source_only,18,0,1.0,feature_noise
1.0,1,7.0,5.0,0.019848293728298612,0.45,0.4292255552614046,full_method,18,0,0.39999999999999986,feature_noise
1.0,1,7.0,5.0,0.019839564959208168,0.45,0.4313570401120613,no_degree_prior,18,0,0.39999999999999986,feature_noise
0.9333333333333333,2,8.0,7.0,0.05423448085784912,0.45,1.0,source_only,15,0,1.0,feature_noise
0.9333333333333333,2,8.0,7.0,0.053496158123016356,0.45,0.4292255552614046,full_method,15,0,0.39999999999999986,feature_noise
0.9333333333333333,2,8.0,7.0,0.05362579822540283,0.45,0.4313570401120613,no_degree_prior,15,0,0.39999999999999986,feature_noise
1.0,3,9.0,8.0,0.012309813499450685,0.45,1.0,source_only,20,0,1.0,feature_noise
1.0,3,9.0,8.0,0.01224365532398224,0.45,0.4292255552614046,full_method,20,0,0.39999999999999986,feature_noise
1.0,3,9.0,8.0,0.0121821790933609,0.45,0.4313570401120613,no_degree_prior,20,0,0.39999999999999986,feature_noise
0.8947368421052632,4,10.0,9.0,0.11636207919371756,0.45,1.0,source_only,19,0,1.0,feature_noise
0.8947368421052632,4,10.0,9.0,0.11661780507940994,0.45,0.4292255552614046,full_method,19,0,0.39999999999999986,feature_noise
0.8947368421052632,4,10.0,9.0,0.11652846399106477,0.45,0.4313570401120613,no_degree_prior,19,0,0.39999999999999986,feature_noise
1.0,5,11.0,10.0,0.02605438673937762,0.45,1.0,source_only,27,0,1.0,feature_noise
1.0,5,11.0,10.0,0.02475029009359854,0.45,0.4292255552614046,full_method,27,0,0.39999999999999986,feature_noise
1.0,5,11.0,10.0,0.024861982575169313,0.45,0.4313570401120613,no_degree_prior,27,0,0.39999999999999986,feature_noise
1.0,7,12.0,11.0,0.014061128391939052,0.45,1.0,source_only,17,0,1.0,feature_noise
1.0,7,12.0,11.0,0.013683855533599854,0.45,0.4292255552614046,full_method,17,0,0.39999999999999986,feature_noise
1.0,7,12.0,11.0,0.013738074723412007,0.45,0.4313570401120613,no_degree_prior,17,0,0.39999999999999986,feature_noise
0.9166666666666666,8,13.0,12.0,0.04496592779954275,0.45,1.0,source_only,12,0,1.0,feature_noise
0.9166666666666666,8,13.0,12.0,0.042890566090742745,0.45,0.4292255552614046,full_method,12,0,0.39999999999999986,feature_noise
0.9166666666666666,8,13.0,12.0,0.042910841604073845,0.45,0.4313570401120613,no_degree_prior,12,0,0.39999999999999986,feature_noise
1.0,9,20.0,13.0,0.010465919971466064,0.45,1.0,source_only,16,0,1.0,feature_noise
1.0,9,20.0,13.0,0.009253989905118942,0.45,0.4292255552614046,full_method,16,0,0.39999999999999986,feature_noise
1.0,9,20.0,13.0,0.009397778660058975,0.45,0.4313570401120613,no_degree_prior,16,0,0.39999999999999986,feature_noise
0.8333333333333334,0,3.0,1.0,0.13520604372024536,0.35,1.0,source_only,24,0,1.0,edge_drop
0.8333333333333334,0,3.0,1.0,0.1353838617602984,0.35,0.4241496760766765,full_method,24,0,0.39999999999999986,edge_drop
0.8333333333333334,0,3.0,1.0,0.1353642145792643,0.35,0.43754817205810814,no_degree_prior,24,0,0.39999999999999986,edge_drop
0.8666666666666667,1,4.0,3.0,0.12393135627110799,0.35,1.0,source_only,15,0,1.0,edge_drop
0.8666666666666667,1,4.0,3.0,0.12381436824798585,0.35,0.4241496760766765,full_method,15,0,0.39999999999999986,edge_drop
0.8666666666666667,1,4.0,3.0,0.12382631301879883,0.35,0.43754817205810814,no_degree_prior,15,0,0.39999999999999986,edge_drop
0.9411764705882353,2,5.0,4.0,0.03822393627727733,0.35,1.0,source_only,17,0,1.0,edge_drop
0.9411764705882353,2,5.0,4.0,0.03854413944132188,0.35,0.4241496760766765,full_method,17,0,0.39999999999999986,edge_drop
0.9411764705882353,2,5.0,4.0,0.03853525834925035,0.35,0.43754817205810814,no_degree_prior,17,0,0.39999999999999986,edge_drop
0.8571428571428571,3,6.0,5.0,0.09737840933459145,0.35,1.0,source_only,28,0,1.0,edge_drop
0.8571428571428571,3,6.0,5.0,0.09862940439156123,0.35,0.4241496760766765,full_method,28,0,0.39999999999999986,edge_drop
0.8571428571428571,3,6.0,5.0,0.09858075210026332,0.35,0.43754817205810814,no_degree_prior,28,0,0.39999999999999986,edge_drop
1.0,5,7.0,6.0,0.015397649386833455,0.35,1.0,source_only,29,0,1.0,edge_drop
1.0,5,7.0,6.0,0.015272167222253209,0.35,0.4241496760766765,full_method,29,0,0.39999999999999986,edge_drop
1.0,5,7.0,6.0,0.015273704611021897,0.35,0.43754817205810814,no_degree_prior,29,0,0.39999999999999986,edge_drop
1.0,6,8.0,7.0,0.027780876273200625,0.35,1.0,source_only,21,0,1.0,edge_drop
1.0,6,8.0,7.0,0.028175305752527146,0.35,0.4241496760766765,full_method,21,0,0.39999999999999986,edge_drop
1.0,6,8.0,7.0,0.028139860857100712,0.35,0.43754817205810814,no_degree_prior,21,0,0.39999999999999986,edge_drop
1.0,8,9.0,8.0,0.013841520337497488,0.35,1.0,source_only,17,0,1.0,edge_drop
1.0,8,9.0,8.0,0.013815062887528363,0.35,0.4241496760766765,full_method,17,0,0.39999999999999986,edge_drop
1.0,8,9.0,8.0,0.013870172640856574,0.35,0.43754817205810814,no_degree_prior,17,0,0.39999999999999986,edge_drop
1.0,9,14.0,9.0,0.020749138934271674,0.35,1.0,source_only,14,0,1.0,edge_drop
1.0,9,14.0,9.0,0.01928750957761492,0.35,0.4241496760766765,full_method,14,0,0.39999999999999986,edge_drop
1.0,9,14.0,9.0,0.019439216170992167,0.35,0.43754817205810814,no_degree_prior,14,0,0.39999999999999986,edge_drop
0.8823529411764706,0,8.4,5.0,0.10229760759017047,0.35,1.0,source_only,17,0,1.0,edge_add
0.8823529411764706,0,8.4,5.0,0.08801837177837596,0.35,0.4127310991670629,full_method,17,0,0.39999999999999986,edge_add
0.8823529411764706,0,8.4,5.0,0.08818333639818081,0.35,0.4137168768533592,no_degree_prior,17,0,0.39999999999999986,edge_add
1.0,1,10.0,8.4,0.05946621629926893,0.35,1.0,source_only,27,0,1.0,edge_add
1.0,1,10.0,8.4,0.05693249349240904,0.35,0.4127310991670629,full_method,27,0,0.39999999999999986,edge_add
0.9629629629629629,1,10.0,8.4,0.05651865954752321,0.35,0.4137168768533592,no_degree_prior,27,0,0.39999999999999986,edge_add
1.0,2,11.0,10.0,0.058021449125730075,0.35,1.0,source_only,13,0,1.0,edge_add
1.0,2,11.0,10.0,0.05945402842301589,0.35,0.4127310991670629,full_method,13,0,0.39999999999999986,edge_add
1.0,2,11.0,10.0,0.05964959584749662,0.35,0.4137168768533592,no_degree_prior,13,0,0.39999999999999986,edge_add
0.8461538461538461,3,12.0,11.0,0.11853772401809694,0.35,1.0,source_only,13,0,1.0,edge_add
0.8461538461538461,3,12.0,11.0,0.1186785285289471,0.35,0.4127310991670629,full_method,13,0,0.39999999999999986,edge_add
0.8461538461538461,3,12.0,11.0,0.11877457912151632,0.35,0.4137168768533592,no_degree_prior,13,0,0.39999999999999986,edge_add
1.0,4,13.0,12.0,0.03919067330982374,0.35,1.0,source_only,23,0,1.0,edge_add
1.0,4,13.0,12.0,0.03510827603547469,0.35,0.4127310991670629,full_method,23,0,0.39999999999999986,edge_add
1.0,4,13.0,12.0,0.03504221854002579,0.35,0.4137168768533592,no_degree_prior,23,0,0.39999999999999986,edge_add
0.9444444444444444,5,14.0,13.0,0.036940031581454806,0.35,1.0,source_only,18,0,1.0,edge_add
0.9444444444444444,5,14.0,13.0,0.08617073628637525,0.35,0.4127310991670629,full_method,18,0,0.39999999999999986,edge_add
0.9444444444444444,5,14.0,13.0,0.08620959851476881,0.35,0.4137168768533592,no_degree_prior,18,0,0.39999999999999986,edge_add
0.9411764705882353,6,15.0,14.0,0.0825345235712388,0.35,1.0,source_only,17,0,1.0,edge_add
0.9411764705882353,6,15.0,14.0,0.08225474638097427,0.35,0.4127310991670629,full_method,17,0,0.39999999999999986,edge_add
0.9411764705882353,6,15.0,14.0,0.08235930519945481,0.35,0.4137168768533592,no_degree_prior,17,0,0.39999999999999986,edge_add
1.0,7,16.0,15.0,0.06795612573623656,0.35,1.0,source_only,15,0,1.0,edge_add
1.0,7,16.0,15.0,0.0637826919555664,0.35,0.4127310991670629,full_method,15,0,0.39999999999999986,edge_add
1.0,7,16.0,15.0,0.06390823920567831,0.35,0.4137168768533592,no_degree_prior,15,0,0.39999999999999986,edge_add
1.0,8,17.6,16.0,0.004010379314422607,0.35,1.0,source_only,5,0,1.0,edge_add
1.0,8,17.6,16.0,0.003476738929748535,0.35,0.4127310991670629,full_method,5,0,0.39999999999999986,edge_add
1.0,8,17.6,16.0,0.003498256206512451,0.35,0.4137168768533592,no_degree_prior,5,0,0.39999999999999986,edge_add
1.0,9,26.0,17.6,0.023766724502339083,0.35,1.0,source_only,17,0,1.0,edge_add
1.0,9,26.0,17.6,0.024398652946247774,0.35,0.4127310991670629,full_method,17,0,0.39999999999999986,edge_add
1.0,9,26.0,17.6,0.024490549283869126,0.35,0.4137168768533592,no_degree_prior,17,0,0.39999999999999986,edge_add
0.42105263157894735,0,5.0,2.0,0.3995218371090136,0.25,1.0,source_only,19,0,1.0,homophily_shift
0.47368421052631576,0,5.0,2.0,0.34635105885957407,0.25,0.4030137308392377,full_method,19,0,0.39999999999999986,homophily_shift
0.47368421052631576,0,5.0,2.0,0.3465257287025451,0.25,0.4051210146039923,no_degree_prior,19,0,0.39999999999999986,homophily_shift
0.8,1,7.0,5.0,0.13084093630313873,0.25,1.0,source_only,20,0,1.0,homophily_shift
0.8,1,7.0,5.0,0.13656187057495117,0.25,0.4030137308392377,full_method,20,0,0.39999999999999986,homophily_shift
0.8,1,7.0,5.0,0.13672547936439514,0.25,0.4051210146039923,no_degree_prior,20,0,0.39999999999999986,homophily_shift
0.9333333333333333,2,8.0,7.0,0.07030257383982341,0.25,1.0,source_only,15,0,1.0,homophily_shift
0.9333333333333333,2,8.0,7.0,0.08182377417882282,0.25,0.4030137308392377,full_method,15,0,0.39999999999999986,homophily_shift
0.9333333333333333,2,8.0,7.0,0.0821345090866089,0.25,0.4051210146039923,no_degree_prior,15,0,0.39999999999999986,homophily_shift
0.8095238095238095,3,9.0,8.0,0.1568882635661534,0.25,1.0,source_only,21,0,1.0,homophily_shift
0.8095238095238095,3,9.0,8.0,0.17021916877655754,0.25,0.4030137308392377,full_method,21,0,0.39999999999999986,homophily_shift
0.8095238095238095,3,9.0,8.0,0.17032928977693826,0.25,0.4051210146039923,no_degree_prior,21,0,0.39999999999999986,homophily_shift
0.7368421052631579,4,10.0,9.0,0.18106044279901606,0.25,1.0,source_only,19,0,1.0,homophily_shift
0.7368421052631579,4,10.0,9.0,0.20587770876131564,0.25,0.4030137308392377,full_method,19,0,0.39999999999999986,homophily_shift
0.7368421052631579,4,10.0,9.0,0.20587700605392456,0.25,0.4051210146039923,no_degree_prior,19,0,0.39999999999999986,homophily_shift
0.8636363636363636,5,11.0,10.0,0.12036461450836874,0.25,1.0,source_only,22,0,1.0,homophily_shift
0.9090909090909091,5,11.0,10.0,0.08483905954794448,0.25,0.4030137308392377,full_method,22,0,0.39999999999999986,homophily_shift
0.9090909090909091,5,11.0,10.0,0.0851337205279957,0.25,0.4051210146039923,no_degree_prior,22,0,0.39999999999999986,homophily_shift
0.8125,7,12.2,11.0,0.13390029966831207,0.25,1.0,source_only,16,0,1.0,homophily_shift
0.8125,7,12.2,11.0,0.15168950334191322,0.25,0.4030137308392377,full_method,16,0,0.39999999999999986,homophily_shift
0.8125,7,12.2,11.0,0.1513833850622177,0.25,0.4051210146039923,no_degree_prior,16,0,0.39999999999999986,homophily_shift
0.9090909090909091,8,14.0,12.2,0.1700781150297685,0.25,1.0,source_only,22,0,1.0,homophily_shift
0.8636363636363636,8,14.0,12.2,0.08556461605158719,0.25,0.4030137308392377,full_method,22,0,0.39999999999999986,homophily_shift
0.8636363636363636,8,14.0,12.2,0.0857871865684336,0.25,0.4051210146039923,no_degree_prior,22,0,0.39999999999999986,homophily_shift
0.9090909090909091,9,20.0,14.0,0.19271616502241654,0.25,1.0,source_only,11,0,1.0,homophily_shift
0.8181818181818182,9,20.0,14.0,0.1738255728374828,0.25,0.4030137308392377,full_method,11,0,0.39999999999999986,homophily_shift
0.8181818181818182,9,20.0,14.0,0.17410984906283292,0.25,0.4051210146039923,no_degree_prior,11,0,0.39999999999999986,homophily_shift
0.8421052631578947,0,6.0,2.0,0.13000083597082837,0.0,1.0,source_only,19,1,1.0,clean
0.8421052631578947,0,6.0,2.0,0.1603071940572638,0.0,0.43556903788162554,full_method,19,1,0.39999999999999986,clean
0.8421052631578947,0,6.0,2.0,0.1602358504345542,0.0,0.4300684230035341,no_degree_prior,19,1,0.39999999999999986,clean
0.9642857142857143,1,8.0,6.0,0.025321951934269494,0.0,1.0,source_only,28,1,1.0,clean
0.9642857142857143,1,8.0,6.0,0.024493066327912462,0.0,0.43556903788162554,full_method,28,1,0.39999999999999986,clean
0.9642857142857143,1,8.0,6.0,0.02455646651131766,0.0,0.4300684230035341,no_degree_prior,28,1,0.39999999999999986,clean
0.9655172413793104,2,9.0,8.0,0.031870613838064256,0.0,1.0,source_only,29,1,1.0,clean
0.9655172413793104,2,9.0,8.0,0.0320177962040079,0.0,0.43556903788162554,full_method,29,1,0.39999999999999986,clean
0.9655172413793104,2,9.0,8.0,0.031972607661937845,0.0,0.4300684230035341,no_degree_prior,29,1,0.39999999999999986,clean
1.0,4,10.0,9.0,0.03312726531709943,0.0,1.0,source_only,21,1,1.0,clean
1.0,4,10.0,9.0,0.03279289461317516,0.0,0.43556903788162554,full_method,21,1,0.39999999999999986,clean
1.0,4,10.0,9.0,0.032772237346285864,0.0,0.4300684230035341,no_degree_prior,21,1,0.39999999999999986,clean
1.0,5,11.0,10.0,0.02508565394774727,0.0,1.0,source_only,23,1,1.0,clean
1.0,5,11.0,10.0,0.02487619285998137,0.0,0.43556903788162554,full_method,23,1,0.39999999999999986,clean
1.0,5,11.0,10.0,0.024896867897199547,0.0,0.4300684230035341,no_degree_prior,23,1,0.39999999999999986,clean
1.0,7,12.0,11.0,0.00351870059967041,0.0,1.0,source_only,20,1,1.0,clean
1.0,7,12.0,11.0,0.0035840868949890137,0.0,0.43556903788162554,full_method,20,1,0.39999999999999986,clean
1.0,7,12.0,11.0,0.0035727620124816895,0.0,0.4300684230035341,no_degree_prior,20,1,0.39999999999999986,clean
1.0,8,13.0,12.0,0.002781391143798828,0.0,1.0,source_only,12,1,1.0,clean
1.0,8,13.0,12.0,0.0026526451110839844,0.0,0.43556903788162554,full_method,12,1,0.39999999999999986,clean
1.0,8,13.0,12.0,0.0026556849479675293,0.0,0.4300684230035341,no_degree_prior,12,1,0.39999999999999986,clean
1.0,9,17.0,13.0,0.0027484893798828125,0.0,1.0,source_only,13,1,1.0,clean
1.0,9,17.0,13.0,0.002695918083190918,0.0,0.43556903788162554,full_method,13,1,0.39999999999999986,clean
1.0,9,17.0,13.0,0.002700507640838623,0.0,0.4300684230035341,no_degree_prior,13,1,0.39999999999999986,clean
0.8421052631578947,0,6.0,2.0,0.14391051154387624,0.45,1.0,source_only,19,1,1.0,feature_noise
0.8421052631578947,0,6.0,2.0,0.14946803293730082,0.45,0.4261584741896568,full_method,19,1,0.39999999999999986,feature_noise
0.8421052631578947,0,6.0,2.0,0.149354382565147,0.45,0.42311400438902425,no_degree_prior,19,1,0.39999999999999986,feature_noise
0.9285714285714286,1,8.0,6.0,0.08505446570260183,0.45,1.0,source_only,28,1,1.0,feature_noise
0.9285714285714286,1,8.0,6.0,0.06743360842977252,0.45,0.4261584741896568,full_method,28,1,0.39999999999999986,feature_noise
0.9285714285714286,1,8.0,6.0,0.06733403674193791,0.45,0.42311400438902425,no_degree_prior,28,1,0.39999999999999986,feature_noise
0.9310344827586207,2,9.0,8.0,0.07870321643763573,0.45,1.0,source_only,29,1,1.0,feature_noise
0.9310344827586207,2,9.0,8.0,0.074549191984637,0.45,0.4261584741896568,full_method,29,1,0.39999999999999986,feature_noise
0.9310344827586207,2,9.0,8.0,0.07457839826057694,0.45,0.42311400438902425,no_degree_prior,29,1,0.39999999999999986,feature_noise
0.9523809523809523,4,10.0,9.0,0.061692683469681514,0.45,1.0,source_only,21,1,1.0,feature_noise
0.9523809523809523,4,10.0,9.0,0.059294981615883965,0.45,0.4261584741896568,full_method,21,1,0.39999999999999986,feature_noise
0.9523809523809523,4,10.0,9.0,0.059307492914653946,0.45,0.42311400438902425,no_degree_prior,21,1,0.39999999999999986,feature_noise
0.9565217391304348,5,11.0,10.0,0.04690581819285518,0.45,1.0,source_only,23,1,1.0,feature_noise
1.0,5,11.0,10.0,0.043017115281975785,0.45,0.4261584741896568,full_method,23,1,0.39999999999999986,feature_noise
1.0,5,11.0,10.0,0.04317888487940249,0.45,0.42311400438902425,no_degree_prior,23,1,0.39999999999999986,feature_noise
0.95,7,12.0,11.0,0.041408529877662664,0.45,1.0,source_only,20,1,1.0,feature_noise
1.0,7,12.0,11.0,0.03519426584243775,0.45,0.4261584741896568,full_method,20,1,0.39999999999999986,feature_noise
1.0,7,12.0,11.0,0.03531279563903809,0.45,0.42311400438902425,no_degree_prior,20,1,0.39999999999999986,feature_noise
1.0,8,13.0,12.0,0.004651308059692383,0.45,1.0,source_only,12,1,1.0,feature_noise
1.0,8,13.0,12.0,0.003940403461456299,0.45,0.4261584741896568,full_method,12,1,0.39999999999999986,feature_noise
1.0,8,13.0,12.0,0.003946483135223389,0.45,0.42311400438902425,no_degree_prior,12,1,0.39999999999999986,feature_noise
1.0,9,17.0,13.0,0.008363604545593262,0.45,1.0,source_only,13,1,1.0,feature_noise
1.0,9,17.0,13.0,0.006922006607055664,0.45,0.4261584741896568,full_method,13,1,0.39999999999999986,feature_noise
1.0,9,17.0,13.0,0.006960570812225342,0.45,0.42311400438902425,no_degree_prior,13,1,0.39999999999999986,feature_noise
0.8064516129032258,0,4.0,0.0,0.1813677453225659,0.35,1.0,source_only,31,1,1.0,edge_drop
0.8064516129032258,0,4.0,0.0,0.18089059283656458,0.35,0.4215180450645291,full_method,31,1,0.39999999999999986,edge_drop
0.8064516129032258,0,4.0,0.0,0.1809216026336916,0.35,0.41813473632308834,no_degree_prior,31,1,0.39999999999999986,edge_drop
0.9047619047619048,1,5.0,4.0,0.11786791824159168,0.35,1.0,source_only,21,1,1.0,edge_drop
0.9047619047619048,1,5.0,4.0,0.10511672496795653,0.35,0.4215180450645291,full_method,21,1,0.39999999999999986,edge_drop
0.9047619047619048,1,5.0,4.0,0.10513141609373546,0.35,0.41813473632308834,no_degree_prior,21,1,0.39999999999999986,edge_drop
0.9259259259259259,3,6.0,5.0,0.032593892680274114,0.35,1.0,source_only,27,1,1.0,edge_drop
0.9259259259259259,3,6.0,5.0,0.052228269753632726,0.35,0.4215180450645291,full_method,27,1,0.39999999999999986,edge_drop
0.9259259259259259,3,6.0,5.0,0.05224527363423948,0.35,0.41813473632308834,no_degree_prior,27,1,0.39999999999999986,edge_drop
0.96875,4,7.0,6.0,0.04115820117294788,0.35,1.0,source_only,32,1,1.0,edge_drop
0.96875,4,7.0,6.0,0.0412185750901699,0.35,0.4215180450645291,full_method,32,1,0.39999999999999986,edge_drop
0.96875,4,7.0,6.0,0.041232878342270844,0.35,0.41813473632308834,no_degree_prior,32,1,0.39999999999999986,edge_drop
0.9285714285714286,6,8.0,7.0,0.08020783960819243,0.35,1.0,source_only,28,1,1.0,edge_drop
0.9285714285714286,6,8.0,7.0,0.07977902250630516,0.35,0.4215180450645291,full_method,28,1,0.39999999999999986,edge_drop
0.9285714285714286,6,8.0,7.0,0.07981401894773754,0.35,0.41813473632308834,no_degree_prior,28,1,0.39999999999999986,edge_drop
1.0,8,9.0,8.0,0.026559591293334964,0.35,1.0,source_only,13,1,1.0,edge_drop
1.0,8,9.0,8.0,0.02574773935171274,0.35,0.4215180450645291,full_method,13,1,0.39999999999999986,edge_drop
1.0,8,9.0,8.0,0.025783474628741927,0.35,0.41813473632308834,no_degree_prior,13,1,0.39999999999999986,edge_drop
1.0,9,12.0,9.0,0.014979334977956919,0.35,1.0,source_only,13,1,1.0,edge_drop
1.0,9,12.0,9.0,0.014588484397301309,0.35,0.4215180450645291,full_method,13,1,0.39999999999999986,edge_drop
1.0,9,12.0,9.0,0.014599566276256856,0.35,0.41813473632308834,no_degree_prior,13,1,0.39999999999999986,edge_drop
0.9,0,10.0,4.0,0.09275491436322529,0.35,1.0,source_only,30,1,1.0,edge_add
0.9,0,10.0,4.0,0.05857432087262472,0.35,0.405192253264082,full_method,30,1,0.39999999999999986,edge_add
0.9,0,10.0,4.0,0.05859052936236063,0.35,0.4085433162658765,no_degree_prior,30,1,0.39999999999999986,edge_add
0.8947368421052632,1,11.0,10.0,0.10823045906267668,0.35,1.0,source_only,19,1,1.0,edge_add
0.8947368421052632,1,11.0,10.0,0.044541462471610616,0.35,0.405192253264082,full_method,19,1,0.39999999999999986,edge_add
0.8947368421052632,1,11.0,10.0,0.04458563892464888,0.35,0.4085433162658765,no_degree_prior,19,1,0.39999999999999986,edge_add
0.9166666666666666,2,12.0,11.0,0.11705493927001953,0.35,1.0,source_only,12,1,1.0,edge_add
0.9166666666666666,2,12.0,11.0,0.11800849934418996,0.35,0.405192253264082,full_method,12,1,0.39999999999999986,edge_add
0.9166666666666666,2,12.0,11.0,0.11793525020281473,0.35,0.4085433162658765,no_degree_prior,12,1,0.39999999999999986,edge_add
0.9444444444444444,3,13.0,12.0,0.06511865059534708,0.35,1.0,source_only,18,1,1.0,edge_add
0.9444444444444444,3,13.0,12.0,0.05122750335269503,0.35,0.405192253264082,full_method,18,1,0.39999999999999986,edge_add
0.9444444444444444,3,13.0,12.0,0.051199316978454576,0.35,0.4085433162658765,no_degree_prior,18,1,0.39999999999999986,edge_add
0.9090909090909091,4,14.0,13.0,0.07625281539830295,0.35,1.0,source_only,22,1,1.0,edge_add
0.9090909090909091,4,14.0,13.0,0.07429879361932928,0.35,0.405192253264082,full_method,22,1,0.39999999999999986,edge_add
0.9090909090909091,4,14.0,13.0,0.07431831684979526,0.35,0.4085433162658765,no_degree_prior,22,1,0.39999999999999986,edge_add
0.95,6,15.0,14.0,0.09354544878005983,0.35,1.0,source_only,20,1,1.0,edge_add
0.95,6,15.0,14.0,0.04741990864276886,0.35,0.405192253264082,full_method,20,1,0.39999999999999986,edge_add
0.95,6,15.0,14.0,0.04736087322235108,0.35,0.4085433162658765,no_degree_prior,20,1,0.39999999999999986,edge_add
0.95,7,16.0,15.0,0.06109013259410859,0.35,1.0,source_only,20,1,1.0,edge_add
0.95,7,16.0,15.0,0.05248644948005676,0.35,0.405192253264082,full_method,20,1,0.39999999999999986,edge_add
0.95,7,16.0,15.0,0.05247848629951477,0.35,0.4085433162658765,no_degree_prior,20,1,0.39999999999999986,edge_add
0.875,8,17.0,16.0,0.0900283008813858,0.35,1.0,source_only,8,1,1.0,edge_add
0.875,8,17.0,16.0,0.16075363010168076,0.35,0.405192253264082,full_method,8,1,0.39999999999999986,edge_add
0.875,8,17.0,16.0,0.16081742197275162,0.35,0.4085433162658765,no_degree_prior,8,1,0.39999999999999986,edge_add
1.0,9,24.0,17.0,0.04682068154215813,0.35,1.0,source_only,16,1,1.0,edge_add
1.0,9,24.0,17.0,0.04405157268047333,0.35,0.405192253264082,full_method,16,1,0.39999999999999986,edge_add
1.0,9,24.0,17.0,0.044090788811445236,0.35,0.4085433162658765,no_degree_prior,16,1,0.39999999999999986,edge_add
0.6842105263157895,0,6.0,3.0,0.3061610805360895,0.25,1.0,source_only,19,1,1.0,homophily_shift
0.6842105263157895,0,6.0,3.0,0.24355382982053253,0.25,0.39368781925569324,full_method,19,1,0.39999999999999986,homophily_shift
0.6842105263157895,0,6.0,3.0,0.24351058508220472,0.25,0.39162824432261567,no_degree_prior,19,1,0.39999999999999986,homophily_shift
0.8620689655172413,1,8.0,6.0,0.10754793676836737,0.25,1.0,source_only,29,1,1.0,homophily_shift
0.8620689655172413,1,8.0,6.0,0.11215115210105633,0.25,0.39368781925569324,full_method,29,1,0.39999999999999986,homophily_shift
0.8620689655172413,1,8.0,6.0,0.11209185781150029,0.25,0.39162824432261567,no_degree_prior,29,1,0.39999999999999986,homophily_shift
0.84,2,9.0,8.0,0.1532563555240631,0.25,1.0,source_only,25,1,1.0,homophily_shift
0.84,2,9.0,8.0,0.14483417272567747,0.25,0.39368781925569324,full_method,25,1,0.39999999999999986,homophily_shift
0.84,2,9.0,8.0,0.1448781406879425,0.25,0.39162824432261567,no_degree_prior,25,1,0.39999999999999986,homophily_shift
0.8095238095238095,4,10.0,9.0,0.12134104683285665,0.25,1.0,source_only,21,1,1.0,homophily_shift
0.8571428571428571,4,10.0,9.0,0.19215729264985942,0.25,0.39368781925569324,full_method,21,1,0.39999999999999986,homophily_shift
0.8571428571428571,4,10.0,9.0,0.19236427261715838,0.25,0.39162824432261567,no_degree_prior,21,1,0.39999999999999986,homophily_shift
0.71875,5,11.0,10.0,0.21371091343462467,0.25,1.0,source_only,32,1,1.0,homophily_shift
0.71875,5,11.0,10.0,0.253543509170413,0.25,0.39368781925569324,full_method,32,1,0.39999999999999986,homophily_shift
0.71875,5,11.0,10.0,0.25337347481399775,0.25,0.39162824432261567,no_degree_prior,32,1,0.39999999999999986,homophily_shift
0.9166666666666666,7,12.0,11.0,0.17488383005062738,0.25,1.0,source_only,12,1,1.0,homophily_shift
0.9166666666666666,7,12.0,11.0,0.17358335355917612,0.25,0.39368781925569324,full_method,12,1,0.39999999999999986,homophily_shift
0.9166666666666666,7,12.0,11.0,0.17356744408607483,0.25,0.39162824432261567,no_degree_prior,12,1,0.39999999999999986,homophily_shift
0.8235294117647058,8,13.0,12.0,0.14524350797428803,0.25,1.0,source_only,17,1,1.0,homophily_shift
0.8235294117647058,8,13.0,12.0,0.14463232194676118,0.25,0.39368781925569324,full_method,17,1,0.39999999999999986,homophily_shift
0.8235294117647058,8,13.0,12.0,0.1446232900899999,0.25,0.39162824432261567,no_degree_prior,17,1,0.39999999999999986,homophily_shift
0.7,9,19.0,13.0,0.27836076617240907,0.25,1.0,source_only,10,1,1.0,homophily_shift
0.8,9,19.0,13.0,0.23031707704067228,0.25,0.39368781925569324,full_method,10,1,0.39999999999999986,homophily_shift
0.8,9,19.0,13.0,0.2303957283496857,0.25,0.39162824432261567,no_degree_prior,10,1,0.39999999999999986,homophily_shift
1.0,0,7.0,2.0,0.018651908636093138,0.0,1.0,source_only,30,2,1.0,clean
1.0,0,7.0,2.0,0.018280214071273802,0.0,0.4400420369018885,full_method,30,2,0.39999999999999986,clean
1.0,0,7.0,2.0,0.01829086542129517,0.0,0.4409809653839901,no_degree_prior,30,2,0.39999999999999986,clean
0.9166666666666666,1,8.0,7.0,0.04974487672249476,0.0,1.0,source_only,24,2,1.0,clean
0.9166666666666666,1,8.0,7.0,0.05040158828099568,0.0,0.4400420369018885,full_method,24,2,0.39999999999999986,clean
0.9166666666666666,1,8.0,7.0,0.05031281212965647,0.0,0.4409809653839901,no_degree_prior,24,2,0.39999999999999986,clean
1.0,3,9.0,8.0,0.00837618112564087,0.0,1.0,source_only,28,2,1.0,clean
1.0,3,9.0,8.0,0.008124947547912598,0.0,0.4400420369018885,full_method,28,2,0.39999999999999986,clean
1.0,3,9.0,8.0,0.008136630058288574,0.0,0.4409809653839901,no_degree_prior,28,2,0.39999999999999986,clean
1.0,4,10.0,9.0,0.0013411641120910645,0.0,1.0,source_only,21,2,1.0,clean
1.0,4,10.0,9.0,0.0013136863708496094,0.0,0.4400420369018885,full_method,21,2,0.39999999999999986,clean
1.0,4,10.0,9.0,0.0013106465339660645,0.0,0.4409809653839901,no_degree_prior,21,2,0.39999999999999986,clean
1.0,6,11.0,10.0,0.01658741065434047,0.0,1.0,source_only,14,2,1.0,clean
1.0,6,11.0,10.0,0.016312897205352783,0.0,0.4400420369018885,full_method,14,2,0.39999999999999986,clean
1.0,6,11.0,10.0,0.016306638717651367,0.0,0.4409809653839901,no_degree_prior,14,2,0.39999999999999986,clean
1.0,7,13.0,11.0,0.002602219581604004,0.0,1.0,source_only,25,2,1.0,clean
1.0,7,13.0,11.0,0.0024277567863464355,0.0,0.4400420369018885,full_method,25,2,0.39999999999999986,clean
1.0,7,13.0,11.0,0.0024436116218566895,0.0,0.4409809653839901,no_degree_prior,25,2,0.39999999999999986,clean
1.0,8,14.0,13.0,0.0042111873626708984,0.0,1.0,source_only,9,2,1.0,clean
1.0,8,14.0,13.0,0.004269301891326904,0.0,0.4400420369018885,full_method,9,2,0.39999999999999986,clean
1.0,8,14.0,13.0,0.004242599010467529,0.0,0.4409809653839901,no_degree_prior,9,2,0.39999999999999986,clean
1.0,9,18.0,14.0,0.00585329532623291,0.0,1.0,source_only,14,2,1.0,clean
1.0,9,18.0,14.0,0.005512833595275879,0.0,0.4400420369018885,full_method,14,2,0.39999999999999986,clean
1.0,9,18.0,14.0,0.005544126033782959,0.0,0.4409809653839901,no_degree_prior,14,2,0.39999999999999986,clean
1.0,0,7.0,2.0,0.027990555763244628,0.45,1.0,source_only,30,2,1.0,feature_noise
1.0,0,7.0,2.0,0.02820220987002055,0.45,0.4401431744681374,full_method,30,2,0.39999999999999986,feature_noise
1.0,0,7.0,2.0,0.02817140817642212,0.45,0.44617089796804615,no_degree_prior,30,2,0.39999999999999986,feature_noise
0.9583333333333334,1,8.0,7.0,0.06566626081864038,0.45,1.0,source_only,24,2,1.0,feature_noise
0.9583333333333334,1,8.0,7.0,0.06643220782279968,0.45,0.4401431744681374,full_method,24,2,0.39999999999999986,feature_noise
0.9583333333333334,1,8.0,7.0,0.06639797985553741,0.45,0.44617089796804615,no_degree_prior,24,2,0.39999999999999986,feature_noise
1.0,3,9.0,8.0,0.014918923377990723,0.45,1.0,source_only,28,2,1.0,feature_noise
1.0,3,9.0,8.0,0.013714396527835302,0.45,0.4401431744681374,full_method,28,2,0.39999999999999986,feature_noise
1.0,3,9.0,8.0,0.01378216700894492,0.45,0.44617089796804615,no_degree_prior,28,2,0.39999999999999986,feature_noise
1.0,4,10.0,9.0,0.0022907257080078125,0.45,1.0,source_only,21,2,1.0,feature_noise
1.0,4,10.0,9.0,0.0020961761474609375,0.45,0.4401431744681374,full_method,21,2,0.39999999999999986,feature_noise
1.0,4,10.0,9.0,0.0021029114723205566,0.45,0.44617089796804615,no_degree_prior,21,2,0.39999999999999986,feature_noise
1.0,6,11.0,10.0,0.02501337443079267,0.45,1.0,source_only,14,2,1.0,feature_noise
1.0,6,11.0,10.0,0.023441344499588013,0.45,0.4401431744681374,full_method,14,2,0.39999999999999986,feature_noise
1.0,6,11.0,10.0,0.023483072008405412,0.45,0.44617089796804615,no_degree_prior,14,2,0.39999999999999986,feature_noise
1.0,7,13.0,11.0,0.0051920413970947266,0.45,1.0,source_only,25,2,1.0,feature_noise
1.0,7,13.0,11.0,0.00451970100402832,0.45,0.4401431744681374,full_method,25,2,0.39999999999999986,feature_noise
1.0,7,13.0,11.0,0.004556894302368164,0.45,0.44617089796804615,no_degree_prior,25,2,0.39999999999999986,feature_noise
1.0,8,14.0,13.0,0.0032538175582885742,0.45,1.0,source_only,9,2,1.0,feature_noise
1.0,8,14.0,13.0,0.0032027363777160645,0.45,0.4401431744681374,full_method,9,2,0.39999999999999986,feature_noise
1.0,8,14.0,13.0,0.003186643123626709,0.45,0.44617089796804615,no_degree_prior,9,2,0.39999999999999986,feature_noise
1.0,9,18.0,14.0,0.0070381760597229,0.45,1.0,source_only,14,2,1.0,feature_noise
1.0,9,18.0,14.0,0.00620192289352417,0.45,0.4401431744681374,full_method,14,2,0.39999999999999986,feature_noise
1.0,9,18.0,14.0,0.006258606910705566,0.45,0.44617089796804615,no_degree_prior,14,2,0.39999999999999986,feature_noise
0.9310344827586207,0,4.0,1.0,0.04425270598510216,0.35,1.0,source_only,29,2,1.0,edge_drop
0.9310344827586207,0,4.0,1.0,0.04467747745842769,0.35,0.43313144553233457,full_method,29,2,0.39999999999999986,edge_drop
0.9310344827586207,0,4.0,1.0,0.044616742380734147,0.35,0.43190018097765387,no_degree_prior,29,2,0.39999999999999986,edge_drop
0.96875,1,5.0,4.0,0.04335355572402477,0.35,1.0,source_only,32,2,1.0,edge_drop
0.96875,1,5.0,4.0,0.043183231726288795,0.35,0.43313144553233457,full_method,32,2,0.39999999999999986,edge_drop
0.96875,1,5.0,4.0,0.043239742517471313,0.35,0.43190018097765387,no_degree_prior,32,2,0.39999999999999986,edge_drop
0.9642857142857143,3,6.0,5.0,0.038226738572120667,0.35,1.0,source_only,28,2,1.0,edge_drop
0.9642857142857143,3,6.0,5.0,0.037858430828366964,0.35,0.43313144553233457,full_method,28,2,0.39999999999999986,edge_drop
0.9642857142857143,3,6.0,5.0,0.03793721326759883,0.35,0.43190018097765387,no_degree_prior,28,2,0.39999999999999986,edge_drop
0.9642857142857143,5,7.0,6.0,0.051320505993706834,0.35,1.0,source_only,28,2,1.0,edge_drop
0.9642857142857143,5,7.0,6.0,0.05070753821304866,0.35,0.43313144553233457,full_method,28,2,0.39999999999999986,edge_drop
0.9642857142857143,5,7.0,6.0,0.05076106105531965,0.35,0.43190018097765387,no_degree_prior,28,2,0.39999999999999986,edge_drop
0.9615384615384616,7,9.0,7.0,0.028792816859025225,0.35,1.0,source_only,26,2,1.0,edge_drop
0.9615384615384616,7,9.0,7.0,0.028513314632269054,0.35,0.43313144553233457,full_method,26,2,0.39999999999999986,edge_drop
0.9615384615384616,7,9.0,7.0,0.028612207907896776,0.35,0.43190018097765387,no_degree_prior,26,2,0.39999999999999986,edge_drop
1.0,8,10.0,9.0,0.005957186222076416,0.35,1.0,source_only,11,2,1.0,edge_drop
1.0,8,10.0,9.0,0.005927085876464844,0.35,0.43313144553233457,full_method,11,2,0.39999999999999986,edge_drop
1.0,8,10.0,9.0,0.005911409854888916,0.35,0.43190018097765387,no_degree_prior,11,2,0.39999999999999986,edge_drop
1.0,9,13.0,10.0,0.0012352466583251953,0.35,1.0,source_only,11,2,1.0,edge_drop
1.0,9,13.0,10.0,0.0011562108993530273,0.35,0.43313144553233457,full_method,11,2,0.39999999999999986,edge_drop
1.0,9,13.0,10.0,0.0011624693870544434,0.35,0.43190018097765387,no_degree_prior,11,2,0.39999999999999986,edge_drop
1.0,0,9.0,7.0,0.09095125728183322,0.35,1.0,source_only,18,2,1.0,edge_add
1.0,0,9.0,7.0,0.08694389793607923,0.35,0.4145793180400791,full_method,18,2,0.39999999999999986,edge_add
1.0,0,9.0,7.0,0.08686674965752494,0.35,0.4177313246388588,no_degree_prior,18,2,0.39999999999999986,edge_add
0.9166666666666666,1,11.0,9.0,0.10427250713109969,0.35,1.0,source_only,24,2,1.0,edge_add
0.9166666666666666,1,11.0,9.0,0.10413868228594461,0.35,0.4145793180400791,full_method,24,2,0.39999999999999986,edge_add
0.9166666666666666,1,11.0,9.0,0.10418823113044103,0.35,0.4177313246388588,no_degree_prior,24,2,0.39999999999999986,edge_add
0.9230769230769231,2,12.0,11.0,0.07258277672987717,0.35,1.0,source_only,13,2,1.0,edge_add
0.9230769230769231,2,12.0,11.0,0.0720361746274508,0.35,0.4145793180400791,full_method,13,2,0.39999999999999986,edge_add
0.9230769230769231,2,12.0,11.0,0.07207672871076144,0.35,0.4177313246388588,no_degree_prior,13,2,0.39999999999999986,edge_add
0.9615384615384616,3,13.0,12.0,0.06441968794052418,0.35,1.0,source_only,26,2,1.0,edge_add
0.9615384615384616,3,13.0,12.0,0.05928857051409209,0.35,0.4145793180400791,full_method,26,2,0.39999999999999986,edge_add
0.9615384615384616,3,13.0,12.0,0.05919217948730175,0.35,0.4177313246388588,no_degree_prior,26,2,0.39999999999999986,edge_add
1.0,4,14.0,13.0,0.03176637129350142,0.35,1.0,source_only,22,2,1.0,edge_add
1.0,4,14.0,13.0,0.029551516879688614,0.35,0.4145793180400791,full_method,22,2,0.39999999999999986,edge_add
1.0,4,14.0,13.0,0.02947920018976385,0.35,0.4177313246388588,no_degree_prior,22,2,0.39999999999999986,edge_add
1.0,6,15.0,14.0,0.04967630282044411,0.35,1.0,source_only,16,2,1.0,edge_add
1.0,6,15.0,14.0,0.04633721336722374,0.35,0.4145793180400791,full_method,16,2,0.39999999999999986,edge_add
1.0,6,15.0,14.0,0.04619981348514557,0.35,0.4177313246388588,no_degree_prior,16,2,0.39999999999999986,edge_add
1.0,7,16.0,15.0,0.05114206671714783,0.35,1.0,source_only,16,2,1.0,edge_add
1.0,7,16.0,15.0,0.051177047193050385,0.35,0.4145793180400791,full_method,16,2,0.39999999999999986,edge_add
1.0,7,16.0,15.0,0.051192205399274826,0.35,0.4177313246388588,no_degree_prior,16,2,0.39999999999999986,edge_add
1.0,8,18.0,16.0,0.03546351566910744,0.35,1.0,source_only,16,2,1.0,edge_add
1.0,8,18.0,16.0,0.033134885132312775,0.35,0.4145793180400791,full_method,16,2,0.39999999999999986,edge_add
1.0,8,18.0,16.0,0.033065930008888245,0.35,0.4177313246388588,no_degree_prior,16,2,0.39999999999999986,edge_add
0.9285714285714286,9,24.0,18.0,0.072042316198349,0.35,1.0,source_only,14,2,1.0,edge_add
0.9285714285714286,9,24.0,18.0,0.06905757529394967,0.35,0.4145793180400791,full_method,14,2,0.39999999999999986,edge_add
0.9285714285714286,9,24.0,18.0,0.06901176912443978,0.35,0.4177313246388588,no_degree_prior,14,2,0.39999999999999986,edge_add
0.7894736842105263,0,6.0,3.0,0.2571011405242116,0.25,1.0,source_only,19,2,1.0,homophily_shift
0.7894736842105263,0,6.0,3.0,0.20748395668832878,0.25,0.40591835236700974,full_method,19,2,0.39999999999999986,homophily_shift
0.7894736842105263,0,6.0,3.0,0.20737498528078982,0.25,0.40567488267545626,no_degree_prior,19,2,0.39999999999999986,homophily_shift
0.9117647058823529,1,8.0,6.0,0.12218996093553658,0.25,1.0,source_only,34,2,1.0,homophily_shift
0.9117647058823529,1,8.0,6.0,0.12507837660172405,0.25,0.40591835236700974,full_method,34,2,0.39999999999999986,homophily_shift
0.9117647058823529,1,8.0,6.0,0.12516597965184378,0.25,0.40567488267545626,no_degree_prior,34,2,0.39999999999999986,homophily_shift
0.8928571428571429,3,9.0,8.0,0.0648965984582901,0.25,1.0,source_only,28,2,1.0,homophily_shift
0.8928571428571429,3,9.0,8.0,0.09532002678939275,0.25,0.40591835236700974,full_method,28,2,0.39999999999999986,homophily_shift
0.8928571428571429,3,9.0,8.0,0.12083168114934648,0.25,0.40567488267545626,no_degree_prior,28,2,0.39999999999999986,homophily_shift
0.9444444444444444,4,10.0,9.0,0.1530142376820246,0.25,1.0,source_only,18,2,1.0,homophily_shift
0.9444444444444444,4,10.0,9.0,0.14889276689953274,0.25,0.40591835236700974,full_method,18,2,0.39999999999999986,homophily_shift
0.9444444444444444,4,10.0,9.0,0.1485523399379518,0.25,0.40567488267545626,no_degree_prior,18,2,0.39999999999999986,homophily_shift
0.9444444444444444,6,11.0,10.4,0.12382445236047109,0.25,1.0,source_only,18,2,1.0,homophily_shift
0.9444444444444444,6,11.0,10.4,0.12630990975432926,0.25,0.40591835236700974,full_method,18,2,0.39999999999999986,homophily_shift
0.9444444444444444,6,11.0,10.4,0.12635330524709487,0.25,0.40567488267545626,no_degree_prior,18,2,0.39999999999999986,homophily_shift
0.9375,7,12.0,11.0,0.10578447952866554,0.25,1.0,source_only,16,2,1.0,homophily_shift
0.9375,7,12.0,11.0,0.10109423846006393,0.25,0.40591835236700974,full_method,16,2,0.39999999999999986,homophily_shift
0.9375,7,12.0,11.0,0.10110471025109291,0.25,0.40567488267545626,no_degree_prior,16,2,0.39999999999999986,homophily_shift
0.8095238095238095,8,15.0,12.0,0.21521211947713578,0.25,1.0,source_only,21,2,1.0,homophily_shift
0.8571428571428571,8,15.0,12.0,0.19403985142707825,0.25,0.40591835236700974,full_method,21,2,0.39999999999999986,homophily_shift
0.8571428571428571,8,15.0,12.0,0.1881866114480155,0.25,0.40567488267545626,no_degree_prior,21,2,0.39999999999999986,homophily_shift
0.9090909090909091,9,20.0,15.0,0.13213148984042083,0.25,1.0,source_only,11,2,1.0,homophily_shift
0.9090909090909091,9,20.0,15.0,0.12921361489729447,0.25,0.40591835236700974,full_method,11,2,0.39999999999999986,homophily_shift
0.9090909090909091,9,20.0,15.0,0.12889324264092877,0.25,0.40567488267545626,no_degree_prior,11,2,0.39999999999999986,homophily_shift
0.9411764705882353,0,6.4,1.0,0.06673977304907405,0.0,1.0,source_only,17,3,1.0,clean
0.9411764705882353,0,6.4,1.0,0.06624479504192576,0.0,0.42134183977456097,full_method,17,3,0.39999999999999986,clean
0.9411764705882353,0,6.4,1.0,0.06623701488270478,0.0,0.4330346873805306,no_degree_prior,17,3,0.39999999999999986,clean
1.0,1,7.0,6.4,0.027427385250727333,0.0,1.0,source_only,18,3,1.0,clean
1.0,1,7.0,6.4,0.0270448989338345,0.0,0.42134183977456097,full_method,18,3,0.39999999999999986,clean
1.0,1,7.0,6.4,0.027029852072397866,0.0,0.4330346873805306,no_degree_prior,18,3,0.39999999999999986,clean
0.8823529411764706,2,8.0,7.0,0.08702319159227259,0.0,1.0,source_only,17,3,1.0,clean
0.8823529411764706,2,8.0,7.0,0.08697110414505005,0.0,0.42134183977456097,full_method,17,3,0.39999999999999986,clean
0.8823529411764706,2,8.0,7.0,0.08694579320795395,0.0,0.4330346873805306,no_degree_prior,17,3,0.39999999999999986,clean
1.0,3,9.0,8.0,0.018793577733247177,0.0,1.0,source_only,23,3,1.0,clean
1.0,3,9.0,8.0,0.018267652262812073,0.0,0.42134183977456097,full_method,23,3,0.39999999999999986,clean
1.0,3,9.0,8.0,0.018292937589728313,0.0,0.4330346873805306,no_degree_prior,23,3,0.39999999999999986,clean
1.0,4,10.0,9.0,0.013151154798619887,0.0,1.0,source_only,17,3,1.0,clean
1.0,4,10.0,9.0,0.012715553536134606,0.0,0.42134183977456097,full_method,17,3,0.39999999999999986,clean
1.0,4,10.0,9.0,0.012728883939630845,0.0,0.4330346873805306,no_degree_prior,17,3,0.39999999999999986,clean
1.0,5,11.0,10.0,0.017978354640628982,0.0,1.0,source_only,23,3,1.0,clean
1.0,5,11.0,10.0,0.0180046998936197,0.0,0.42134183977456097,full_method,23,3,0.39999999999999986,clean
1.0,5,11.0,10.0,0.018000283966893734,0.0,0.4330346873805306,no_degree_prior,23,3,0.39999999999999986,clean
1.0,7,13.0,11.8,0.011376380920410156,0.0,1.0,source_only,23,3,1.0,clean
1.0,7,13.0,11.8,0.010932686536208443,0.0,0.42134183977456097,full_method,23,3,0.39999999999999986,clean
1.0,7,13.0,11.8,0.01093394600826761,0.0,0.4330346873805306,no_degree_prior,23,3,0.39999999999999986,clean
1.0,8,14.0,13.0,0.014020342093247635,0.0,1.0,source_only,13,3,1.0,clean
1.0,8,14.0,13.0,0.013483813175788294,0.0,0.42134183977456097,full_method,13,3,0.39999999999999986,clean
1.0,8,14.0,13.0,0.01345649132361779,0.0,0.4330346873805306,no_degree_prior,13,3,0.39999999999999986,clean
1.0,9,19.0,14.0,0.00226747989654541,0.0,1.0,source_only,14,3,1.0,clean
1.0,9,19.0,14.0,0.0021613240242004395,0.0,0.42134183977456097,full_method,14,3,0.39999999999999986,clean
1.0,9,19.0,14.0,0.002167344093322754,0.0,0.4330346873805306,no_degree_prior,14,3,0.39999999999999986,clean
0.9411764705882353,0,6.4,1.0,0.060172894421745754,0.45,1.0,source_only,17,3,1.0,feature_noise
0.9411764705882353,0,6.4,1.0,0.0429379940032959,0.45,0.4270271806982689,full_method,17,3,0.39999999999999986,feature_noise
0.9411764705882353,0,6.4,1.0,0.04298674359041102,0.45,0.4341087074306819,no_degree_prior,17,3,0.39999999999999986,feature_noise
1.0,1,7.0,6.4,0.037446594900555075,0.45,1.0,source_only,18,3,1.0,feature_noise
1.0,1,7.0,6.4,0.03626549575063917,0.45,0.4270271806982689,full_method,18,3,0.39999999999999986,feature_noise
1.0,1,7.0,6.4,0.036244481801986694,0.45,0.4341087074306819,no_degree_prior,18,3,0.39999999999999986,feature_noise
0.9411764705882353,2,8.0,7.0,0.07044472764520084,0.45,1.0,source_only,17,3,1.0,feature_noise
0.9411764705882353,2,8.0,7.0,0.06975509839899399,0.45,0.4270271806982689,full_method,17,3,0.39999999999999986,feature_noise
0.9411764705882353,2,8.0,7.0,0.06964555558036356,0.45,0.4341087074306819,no_degree_prior,17,3,0.39999999999999986,feature_noise
1.0,3,9.0,8.0,0.02383304160574208,0.45,1.0,source_only,23,3,1.0,feature_noise
1.0,3,9.0,8.0,0.023205889307934303,0.45,0.4270271806982689,full_method,23,3,0.39999999999999986,feature_noise
1.0,3,9.0,8.0,0.023240146429642387,0.45,0.4341087074306819,no_degree_prior,23,3,0.39999999999999986,feature_noise
1.0,4,10.0,9.0,0.01894218080184039,0.45,1.0,source_only,17,3,1.0,feature_noise
1.0,4,10.0,9.0,0.01800018548965454,0.45,0.4270271806982689,full_method,17,3,0.39999999999999986,feature_noise
1.0,4,10.0,9.0,0.018008677398457247,0.45,0.4341087074306819,no_degree_prior,17,3,0.39999999999999986,feature_noise
0.9565217391304348,5,11.0,10.0,0.042042623395505165,0.45,1.0,source_only,23,3,1.0,feature_noise
0.9565217391304348,5,11.0,10.0,0.0429883845474409,0.45,0.4270271806982689,full_method,23,3,0.39999999999999986,feature_noise
0.9565217391304348,5,11.0,10.0,0.042994591205016426,0.45,0.4341087074306819,no_degree_prior,23,3,0.39999999999999986,feature_noise
0.9565217391304348,7,13.0,11.8,0.03420132139454717,0.45,1.0,source_only,23,3,1.0,feature_noise
0.9565217391304348,7,13.0,11.8,0.03229758273000302,0.45,0.4270271806982689,full_method,23,3,0.39999999999999986,feature_noise
0.9565217391304348,7,13.0,11.8,0.03230394487795622,0.45,0.4341087074306819,no_degree_prior,23,3,0.39999999999999986,feature_noise
1.0,8,14.0,13.0,0.031800806522369385,0.45,1.0,source_only,13,3,1.0,feature_noise
1.0,8,14.0,13.0,0.02797038280046903,0.45,0.4270271806982689,full_method,13,3,0.39999999999999986,feature_noise
1.0,8,14.0,13.0,0.02788132887620192,0.45,0.4341087074306819,no_degree_prior,13,3,0.39999999999999986,feature_noise
1.0,9,19.0,14.0,0.0024138689041137695,0.45,1.0,source_only,14,3,1.0,feature_noise
1.0,9,19.0,14.0,0.0022388100624084473,0.45,0.4270271806982689,full_method,14,3,0.39999999999999986,feature_noise
1.0,9,19.0,14.0,0.002245485782623291,0.45,0.4341087074306819,no_degree_prior,14,3,0.39999999999999986,feature_noise
0.9487179487179487,0,4.0,1.0,0.045229340210939065,0.35,1.0,source_only,39,3,1.0,edge_drop
0.9487179487179487,0,4.0,1.0,0.04477480435982729,0.35,0.42431259409726496,full_method,39,3,0.39999999999999986,edge_drop
0.9487179487179487,0,4.0,1.0,0.04476531193806575,0.35,0.4386064043552825,no_degree_prior,39,3,0.39999999999999986,edge_drop
0.9,2,5.0,4.0,0.1104442447423935,0.35,1.0,source_only,20,3,1.0,edge_drop
0.9,2,5.0,4.0,0.11129923760890961,0.35,0.42431259409726496,full_method,20,3,0.39999999999999986,edge_drop
0.9,2,5.0,4.0,0.1112951308488846,0.35,0.4386064043552825,no_degree_prior,20,3,0.39999999999999986,edge_drop
0.88,3,6.0,5.0,0.09320132255554199,0.35,1.0,source_only,25,3,1.0,edge_drop
0.88,3,6.0,5.0,0.0944978404045105,0.35,0.42431259409726496,full_method,25,3,0.39999999999999986,edge_drop
0.88,3,6.0,5.0,0.09449345111846924,0.35,0.4386064043552825,no_degree_prior,25,3,0.39999999999999986,edge_drop
1.0,5,7.0,6.0,0.018201981981595356,0.35,1.0,source_only,24,3,1.0,edge_drop
1.0,5,7.0,6.0,0.017592382927735645,0.35,0.42431259409726496,full_method,24,3,0.39999999999999986,edge_drop
1.0,5,7.0,6.0,0.01758867005507151,0.35,0.4386064043552825,no_degree_prior,24,3,0.39999999999999986,edge_drop
1.0,6,8.0,7.0,0.024127264817555744,0.35,1.0,source_only,21,3,1.0,edge_drop
1.0,6,8.0,7.0,0.024012718881879534,0.35,0.42431259409726496,full_method,21,3,0.39999999999999986,edge_drop
1.0,6,8.0,7.0,0.024005773521604993,0.35,0.4386064043552825,no_degree_prior,21,3,0.39999999999999986,edge_drop
0.9090909090909091,7,9.0,8.0,0.08715918389233679,0.35,1.0,source_only,11,3,1.0,edge_drop
0.9090909090909091,7,9.0,8.0,0.08752473917874426,0.35,0.42431259409726496,full_method,11,3,0.39999999999999986,edge_drop
0.9090909090909091,7,9.0,8.0,0.08752569285306067,0.35,0.4386064043552825,no_degree_prior,11,3,0.39999999999999986,edge_drop
1.0,8,10.0,9.0,0.025669227043787636,0.35,1.0,source_only,12,3,1.0,edge_drop
1.0,8,10.0,9.0,0.02599759896596273,0.35,0.42431259409726496,full_method,12,3,0.39999999999999986,edge_drop
1.0,8,10.0,9.0,0.025989368557929993,0.35,0.4386064043552825,no_degree_prior,12,3,0.39999999999999986,edge_drop
1.0,9,14.0,10.0,0.0012837052345275879,0.35,1.0,source_only,13,3,1.0,edge_drop
1.0,9,14.0,10.0,0.001198887825012207,0.35,0.42431259409726496,full_method,13,3,0.39999999999999986,edge_drop
1.0,9,14.0,10.0,0.001199185848236084,0.35,0.4386064043552825,no_degree_prior,13,3,0.39999999999999986,edge_drop
0.8888888888888888,0,9.0,3.0,0.08806745707988739,0.35,1.0,source_only,18,3,1.0,edge_add
0.9444444444444444,0,9.0,3.0,0.13486864831712508,0.35,0.411899958442082,full_method,18,3,0.39999999999999986,edge_add
0.9444444444444444,0,9.0,3.0,0.13472211692068312,0.35,0.4123858479498361,no_degree_prior,18,3,0.39999999999999986,edge_add
0.9629629629629629,1,11.0,9.0,0.10114159297060082,0.35,1.0,source_only,27,3,1.0,edge_add
1.0,1,11.0,9.0,0.10473418677294696,0.35,0.411899958442082,full_method,27,3,0.39999999999999986,edge_add
1.0,1,11.0,9.0,0.10480740335252552,0.35,0.4123858479498361,no_degree_prior,27,3,0.39999999999999986,edge_add
1.0,2,12.0,11.0,0.03444538116455078,0.35,1.0,source_only,20,3,1.0,edge_add
1.0,2,12.0,11.0,0.03196938037872314,0.35,0.411899958442082,full_method,20,3,0.39999999999999986,edge_add
1.0,2,12.0,11.0,0.03198505640029907,0.35,0.4123858479498361,no_degree_prior,20,3,0.39999999999999986,edge_add
1.0,3,13.0,12.0,0.04350493550300598,0.35,1.0,source_only,20,3,1.0,edge_add
1.0,3,13.0,12.0,0.04101756513118744,0.35,0.411899958442082,full_method,20,3,0.39999999999999986,edge_add
1.0,3,13.0,12.0,0.04099856019020081,0.35,0.4123858479498361,no_degree_prior,20,3,0.39999999999999986,edge_add
0.9473684210526315,5,14.0,13.0,0.03339818590565732,0.35,1.0,source_only,19,3,1.0,edge_add
0.9473684210526315,5,14.0,13.0,0.04891301769959299,0.35,0.411899958442082,full_method,19,3,0.39999999999999986,edge_add
0.9473684210526315,5,14.0,13.0,0.04886266746019063,0.35,0.4123858479498361,no_degree_prior,19,3,0.39999999999999986,edge_add
0.875,6,15.0,14.0,0.08831357583403587,0.35,1.0,source_only,16,3,1.0,edge_add
0.875,6,15.0,14.0,0.08715133368968964,0.35,0.411899958442082,full_method,16,3,0.39999999999999986,edge_add
0.875,6,15.0,14.0,0.08713165670633316,0.35,0.4123858479498361,no_degree_prior,16,3,0.39999999999999986,edge_add
1.0,7,17.0,15.0,0.023373993960293857,0.35,1.0,source_only,22,3,1.0,edge_add
1.0,7,17.0,15.0,0.02306720343503085,0.35,0.411899958442082,full_method,22,3,0.39999999999999986,edge_add
1.0,7,17.0,15.0,0.023122104731473057,0.35,0.4123858479498361,no_degree_prior,22,3,0.39999999999999986,edge_add
1.0,8,18.0,17.0,0.034826695919036865,0.35,1.0,source_only,8,3,1.0,edge_add
1.0,8,18.0,17.0,0.029218144714832306,0.35,0.411899958442082,full_method,8,3,0.39999999999999986,edge_add
1.0,8,18.0,17.0,0.029342301189899445,0.35,0.4123858479498361,no_degree_prior,8,3,0.39999999999999986,edge_add
1.0,9,22.0,18.0,0.04122877717018127,0.35,1.0,source_only,15,3,1.0,edge_add
1.0,9,22.0,18.0,0.03991071184476217,0.35,0.411899958442082,full_method,15,3,0.39999999999999986,edge_add
1.0,9,22.0,18.0,0.0397819439570109,0.35,0.4123858479498361,no_degree_prior,15,3,0.39999999999999986,edge_add
0.8260869565217391,0,6.0,3.0,0.23976202892220544,0.25,1.0,source_only,23,3,1.0,homophily_shift
0.8260869565217391,0,6.0,3.0,0.25785329937934875,0.25,0.38996620720898795,full_method,23,3,0.39999999999999986,homophily_shift
0.8260869565217391,0,6.0,3.0,0.2577241607334303,0.25,0.39374362213114716,no_degree_prior,23,3,0.39999999999999986,homophily_shift
0.9375,1,7.0,6.0,0.03764814510941506,0.25,1.0,source_only,16,3,1.0,homophily_shift
0.9375,1,7.0,6.0,0.08077971264719963,0.25,0.38996620720898795,full_method,16,3,0.39999999999999986,homophily_shift
0.9375,1,7.0,6.0,0.08011362701654434,0.25,0.39374362213114716,no_degree_prior,16,3,0.39999999999999986,homophily_shift
0.7142857142857143,2,8.0,7.0,0.17778648648943218,0.25,1.0,source_only,14,3,1.0,homophily_shift
0.7142857142857143,2,8.0,7.0,0.1840135157108307,0.25,0.38996620720898795,full_method,14,3,0.39999999999999986,homophily_shift
0.7142857142857143,2,8.0,7.0,0.18365838272230967,0.25,0.39374362213114716,no_degree_prior,14,3,0.39999999999999986,homophily_shift
0.8636363636363636,3,9.0,8.0,0.08654433759776028,0.25,1.0,source_only,22,3,1.0,homophily_shift
0.8636363636363636,3,9.0,8.0,0.13311123035170816,0.25,0.38996620720898795,full_method,22,3,0.39999999999999986,homophily_shift
0.8636363636363636,3,9.0,8.0,0.1449374475262382,0.25,0.39374362213114716,no_degree_prior,22,3,0.39999999999999986,homophily_shift
0.8,4,10.0,9.0,0.149742728471756,0.25,1.0,source_only,20,3,1.0,homophily_shift
0.75,4,10.0,9.0,0.20033400356769562,0.25,0.38996620720898795,full_method,20,3,0.39999999999999986,homophily_shift
0.75,4,10.0,9.0,0.20038872361183166,0.25,0.39374362213114716,no_degree_prior,20,3,0.39999999999999986,homophily_shift
0.8333333333333334,5,11.0,10.0,0.11379124720891316,0.25,1.0,source_only,12,3,1.0,homophily_shift
0.8333333333333334,5,11.0,10.0,0.1621982753276825,0.25,0.38996620720898795,full_method,12,3,0.39999999999999986,homophily_shift
0.8333333333333334,5,11.0,10.0,0.16298019389311472,0.25,0.39374362213114716,no_degree_prior,12,3,0.39999999999999986,homophily_shift
0.9285714285714286,6,12.0,11.0,0.10128380571092878,0.25,1.0,source_only,14,3,1.0,homophily_shift
0.9285714285714286,6,12.0,11.0,0.08160217744963509,0.25,0.38996620720898795,full_method,14,3,0.39999999999999986,homophily_shift
0.9285714285714286,6,12.0,11.0,0.08122869474547248,0.25,0.39374362213114716,no_degree_prior,14,3,0.39999999999999986,homophily_shift
0.9411764705882353,7,13.0,12.0,0.05294435515123254,0.25,1.0,source_only,17,3,1.0,homophily_shift
0.9411764705882353,7,13.0,12.0,0.05645388715407426,0.25,0.38996620720898795,full_method,17,3,0.39999999999999986,homophily_shift
0.9411764705882353,7,13.0,12.0,0.0562391211004818,0.25,0.39374362213114716,no_degree_prior,17,3,0.39999999999999986,homophily_shift
0.8947368421052632,8,15.0,13.0,0.1439690025229203,0.25,1.0,source_only,19,3,1.0,homophily_shift
0.8947368421052632,8,15.0,13.0,0.1460832859340467,0.25,0.38996620720898795,full_method,19,3,0.39999999999999986,homophily_shift
0.8947368421052632,8,15.0,13.0,0.14673011867623584,0.25,0.39374362213114716,no_degree_prior,19,3,0.39999999999999986,homophily_shift
0.875,9,18.0,15.0,0.12736164405941963,0.25,1.0,source_only,8,3,1.0,homophily_shift
0.875,9,18.0,15.0,0.11889887228608131,0.25,0.38996620720898795,full_method,8,3,0.39999999999999986,homophily_shift
0.875,9,18.0,15.0,0.11849390342831612,0.25,0.39374362213114716,no_degree_prior,8,3,0.39999999999999986,homophily_shift
0.9166666666666666,0,6.0,2.0,0.07795644799868265,0.0,1.0,source_only,24,4,1.0,clean
0.9166666666666666,0,6.0,2.0,0.07594438642263411,0.0,0.43466227209051767,full_method,24,4,0.39999999999999986,clean
0.9166666666666666,0,6.0,2.0,0.07599126050869624,0.0,0.4356412557615478,no_degree_prior,24,4,0.39999999999999986,clean
0.9523809523809523,1,7.0,6.0,0.02265795071919759,0.0,1.0,source_only,21,4,1.0,clean
0.9523809523809523,1,7.0,6.0,0.024517013913109186,0.0,0.43466227209051767,full_method,21,4,0.39999999999999986,clean
0.9523809523809523,1,7.0,6.0,0.024403691291809082,0.0,0.4356412557615478,no_degree_prior,21,4,0.39999999999999986,clean
1.0,2,8.0,7.0,0.048339806497097015,0.0,1.0,source_only,16,4,1.0,clean
1.0,2,8.0,7.0,0.04653570428490639,0.0,0.43466227209051767,full_method,16,4,0.39999999999999986,clean
1.0,2,8.0,7.0,0.04654611274600029,0.0,0.4356412557615478,no_degree_prior,16,4,0.39999999999999986,clean
0.9565217391304348,3,9.0,8.0,0.03558431241823279,0.0,1.0,source_only,23,4,1.0,clean
0.9565217391304348,3,9.0,8.0,0.03450890468514484,0.0,0.43466227209051767,full_method,23,4,0.39999999999999986,clean
0.9565217391304348,3,9.0,8.0,0.03448943728985994,0.0,0.4356412557615478,no_degree_prior,23,4,0.39999999999999986,clean
1.0,5,10.0,9.0,0.010246650739149614,0.0,1.0,source_only,22,4,1.0,clean
1.0,5,10.0,9.0,0.010117780078541149,0.0,0.43466227209051767,full_method,22,4,0.39999999999999986,clean
1.0,5,10.0,9.0,0.01008104465224526,0.0,0.4356412557615478,no_degree_prior,22,4,0.39999999999999986,clean
1.0,6,11.0,10.0,0.011188651386060212,0.0,1.0,source_only,19,4,1.0,clean
1.0,6,11.0,10.0,0.009552102339895147,0.0,0.43466227209051767,full_method,19,4,0.39999999999999986,clean
1.0,6,11.0,10.0,0.009582036419918661,0.0,0.4356412557615478,no_degree_prior,19,4,0.39999999999999986,clean
0.9166666666666666,7,12.0,11.0,0.07152719795703888,0.0,1.0,source_only,12,4,1.0,clean
0.9166666666666666,7,12.0,11.0,0.06991146008173624,0.0,0.43466227209051767,full_method,12,4,0.39999999999999986,clean
0.9166666666666666,7,12.0,11.0,0.06988188624382019,0.0,0.4356412557615478,no_degree_prior,12,4,0.39999999999999986,clean
1.0,8,13.0,12.0,0.002183377742767334,0.0,1.0,source_only,13,4,1.0,clean
1.0,8,13.0,12.0,0.0021547675132751465,0.0,0.43466227209051767,full_method,13,4,0.39999999999999986,clean
1.0,8,13.0,12.0,0.002152085304260254,0.0,0.4356412557615478,no_degree_prior,13,4,0.39999999999999986,clean
1.0,9,20.0,13.0,0.004127919673919678,0.0,1.0,source_only,15,4,1.0,clean
1.0,9,20.0,13.0,0.0031540393829345703,0.0,0.43466227209051767,full_method,15,4,0.39999999999999986,clean
1.0,9,20.0,13.0,0.003176450729370117,0.0,0.4356412557615478,no_degree_prior,15,4,0.39999999999999986,clean
0.9583333333333334,0,6.0,2.0,0.05890926967064544,0.45,1.0,source_only,24,4,1.0,feature_noise
0.9583333333333334,0,6.0,2.0,0.059118968745072734,0.45,0.425771119888885,full_method,24,4,0.39999999999999986,feature_noise
0.9583333333333334,0,6.0,2.0,0.05913757532835011,0.45,0.43030014214454154,no_degree_prior,24,4,0.39999999999999986,feature_noise
0.9523809523809523,1,7.0,6.0,0.04815326418195452,0.45,1.0,source_only,21,4,1.0,feature_noise
0.9523809523809523,1,7.0,6.0,0.05381240163530623,0.45,0.425771119888885,full_method,21,4,0.39999999999999986,feature_noise
0.9523809523809523,1,7.0,6.0,0.053800906453813815,0.45,0.43030014214454154,no_degree_prior,21,4,0.39999999999999986,feature_noise
1.0,2,8.0,7.0,0.0247856043279171,0.45,1.0,source_only,16,4,1.0,feature_noise
1.0,2,8.0,7.0,0.024376392364501953,0.45,0.425771119888885,full_method,16,4,0.39999999999999986,feature_noise
1.0,2,8.0,7.0,0.024370227009058,0.45,0.43030014214454154,no_degree_prior,16,4,0.39999999999999986,feature_noise
1.0,3,9.0,8.0,0.02153908169787863,0.45,1.0,source_only,23,4,1.0,feature_noise
1.0,3,9.0,8.0,0.020419776439666748,0.45,0.425771119888885,full_method,23,4,0.39999999999999986,feature_noise
1.0,3,9.0,8.0,0.020411105259605076,0.45,0.43030014214454154,no_degree_prior,23,4,0.39999999999999986,feature_noise
0.9545454545454546,5,10.0,9.0,0.03874039920893582,0.45,1.0,source_only,22,4,1.0,feature_noise
0.9545454545454546,5,10.0,9.0,0.039420566775582054,0.45,0.425771119888885,full_method,22,4,0.39999999999999986,feature_noise
0.9545454545454546,5,10.0,9.0,0.039417334578254005,0.45,0.43030014214454154,no_degree_prior,22,4,0.39999999999999986,feature_noise
1.0,6,11.0,10.0,0.025757504136938798,0.45,1.0,source_only,19,4,1.0,feature_noise
1.0,6,11.0,10.0,0.026626448882253545,0.45,0.425771119888885,full_method,19,4,0.39999999999999986,feature_noise
1.0,6,11.0,10.0,0.026631615663829603,0.45,0.43030014214454154,no_degree_prior,19,4,0.39999999999999986,feature_noise
1.0,7,12.0,11.0,0.012448226412137348,0.45,1.0,source_only,12,4,1.0,feature_noise
1.0,7,12.0,11.0,0.01273396611213684,0.45,0.425771119888885,full_method,12,4,0.39999999999999986,feature_noise
1.0,7,12.0,11.0,0.012735257546106974,0.45,0.43030014214454154,no_degree_prior,12,4,0.39999999999999986,feature_noise
1.0,8,13.0,12.0,0.008947134017944336,0.45,1.0,source_only,13,4,1.0,feature_noise
1.0,8,13.0,12.0,0.008318483829498291,0.45,0.425771119888885,full_method,13,4,0.39999999999999986,feature_noise
1.0,8,13.0,12.0,0.008302152156829834,0.45,0.43030014214454154,no_degree_prior,13,4,0.39999999999999986,feature_noise
1.0,9,20.0,13.0,0.007952487468719483,0.45,1.0,source_only,15,4,1.0,feature_noise
1.0,9,20.0,13.0,0.006917417049407959,0.45,0.425771119888885,full_method,15,4,0.39999999999999986,feature_noise
1.0,9,20.0,13.0,0.0069155097007751465,0.45,0.43030014214454154,no_degree_prior,15,4,0.39999999999999986,feature_noise
0.9,0,3.0,0.0,0.11049942374229431,0.35,1.0,source_only,20,4,1.0,edge_drop
0.9,0,3.0,0.0,0.10301151573657989,0.35,0.4203428065667257,full_method,20,4,0.39999999999999986,edge_drop
0.9,0,3.0,0.0,0.10305257439613341,0.35,0.431685576053089,no_degree_prior,20,4,0.39999999999999986,edge_drop
0.9615384615384616,1,4.0,3.0,0.0516236057648292,0.35,1.0,source_only,26,4,1.0,edge_drop
0.9615384615384616,1,4.0,3.0,0.05029612321120043,0.35,0.4203428065667257,full_method,26,4,0.39999999999999986,edge_drop
0.9615384615384616,1,4.0,3.0,0.05032305763317989,0.35,0.431685576053089,no_degree_prior,26,4,0.39999999999999986,edge_drop
0.9545454545454546,2,5.0,4.0,0.0860059220682491,0.35,1.0,source_only,22,4,1.0,edge_drop
0.9545454545454546,2,5.0,4.0,0.08105249838395553,0.35,0.4203428065667257,full_method,22,4,0.39999999999999986,edge_drop
0.9545454545454546,2,5.0,4.0,0.08113747293298895,0.35,0.431685576053089,no_degree_prior,22,4,0.39999999999999986,edge_drop
0.9565217391304348,4,6.0,5.0,0.039972574814506195,0.35,1.0,source_only,23,4,1.0,edge_drop
0.9565217391304348,4,6.0,5.0,0.04071301480998163,0.35,0.4203428065667257,full_method,23,4,0.39999999999999986,edge_drop
0.9565217391304348,4,6.0,5.0,0.040693086126576294,0.35,0.431685576053089,no_degree_prior,23,4,0.39999999999999986,edge_drop
0.967741935483871,5,7.0,6.0,0.028055519826950537,0.35,1.0,source_only,31,4,1.0,edge_drop
0.967741935483871,5,7.0,6.0,0.027800411947311865,0.35,0.4203428065667257,full_method,31,4,0.39999999999999986,edge_drop
0.967741935483871,5,7.0,6.0,0.02782103515440415,0.35,0.431685576053089,no_degree_prior,31,4,0.39999999999999986,edge_drop
1.0,7,8.0,7.0,0.07726530943598066,0.35,1.0,source_only,14,4,1.0,edge_drop
1.0,7,8.0,7.0,0.0664575525692531,0.35,0.4203428065667257,full_method,14,4,0.39999999999999986,edge_drop
1.0,7,8.0,7.0,0.06678488424846103,0.35,0.431685576053089,no_degree_prior,14,4,0.39999999999999986,edge_drop
1.0,8,10.0,8.0,0.016163524985313416,0.35,1.0,source_only,20,4,1.0,edge_drop
1.0,8,10.0,8.0,0.014371865987777711,0.35,0.4203428065667257,full_method,20,4,0.39999999999999986,edge_drop
1.0,8,10.0,8.0,0.014401298761367799,0.35,0.431685576053089,no_degree_prior,20,4,0.39999999999999986,edge_drop
1.0,9,13.0,10.0,0.006662487983703613,0.35,1.0,source_only,9,4,1.0,edge_drop
1.0,9,13.0,10.0,0.0050972700119018555,0.35,0.4203428065667257,full_method,9,4,0.39999999999999986,edge_drop
1.0,9,13.0,10.0,0.0051386356353759766,0.35,0.431685576053089,no_degree_prior,9,4,0.39999999999999986,edge_drop
0.8333333333333334,0,9.0,3.0,0.1490120192368825,0.35,1.0,source_only,24,4,1.0,edge_add
0.8333333333333334,0,9.0,3.0,0.09662835796674091,0.35,0.415805446510742,full_method,24,4,0.39999999999999986,edge_add
0.8333333333333334,0,9.0,3.0,0.09682831664880114,0.35,0.4163295036916523,no_degree_prior,24,4,0.39999999999999986,edge_add
1.0,1,10.0,9.0,0.03423419967293739,0.35,1.0,source_only,16,4,1.0,edge_add
1.0,1,10.0,9.0,0.03152759373188019,0.35,0.415805446510742,full_method,16,4,0.39999999999999986,edge_add
1.0,1,10.0,9.0,0.03145550563931465,0.35,0.4163295036916523,no_degree_prior,16,4,0.39999999999999986,edge_add
1.0,2,11.0,10.0,0.06344836408441717,0.35,1.0,source_only,22,4,1.0,edge_add
1.0,2,11.0,10.0,0.0655884932387959,0.35,0.415805446510742,full_method,22,4,0.39999999999999986,edge_add
1.0,2,11.0,10.0,0.06545831669460643,0.35,0.4163295036916523,no_degree_prior,22,4,0.39999999999999986,edge_add
0.9583333333333334,3,12.0,11.0,0.08569811036189397,0.35,1.0,source_only,24,4,1.0,edge_add
0.9583333333333334,3,12.0,11.0,0.0745025450984637,0.35,0.415805446510742,full_method,24,4,0.39999999999999986,edge_add
0.9583333333333334,3,12.0,11.0,0.07495095084110896,0.35,0.4163295036916523,no_degree_prior,24,4,0.39999999999999986,edge_add
0.8947368421052632,5,13.0,12.0,0.08810383551999142,0.35,1.0,source_only,19,4,1.0,edge_add
0.8947368421052632,5,13.0,12.0,0.0901597079477812,0.35,0.415805446510742,full_method,19,4,0.39999999999999986,edge_add
0.8947368421052632,5,13.0,12.0,0.09004512586091692,0.35,0.4163295036916523,no_degree_prior,19,4,0.39999999999999986,edge_add
0.9285714285714286,6,14.0,13.0,0.09481183120182582,0.35,1.0,source_only,14,4,1.0,edge_add
0.9285714285714286,6,14.0,13.0,0.11588394216128757,0.35,0.415805446510742,full_method,14,4,0.39999999999999986,edge_add
0.9285714285714286,6,14.0,13.0,0.11635278378214155,0.35,0.4163295036916523,no_degree_prior,14,4,0.39999999999999986,edge_add
1.0,7,16.0,14.0,0.05088914558291435,0.35,1.0,source_only,16,4,1.0,edge_add
1.0,7,16.0,14.0,0.042319223284721375,0.35,0.415805446510742,full_method,16,4,0.39999999999999986,edge_add
1.0,7,16.0,14.0,0.042625367641448975,0.35,0.4163295036916523,no_degree_prior,16,4,0.39999999999999986,edge_add
1.0,8,18.0,16.0,0.030342661672168307,0.35,1.0,source_only,18,4,1.0,edge_add
1.0,8,18.0,16.0,0.023639341195424397,0.35,0.415805446510742,full_method,18,4,0.39999999999999986,edge_add
1.0,8,18.0,16.0,0.023744702339172363,0.35,0.4163295036916523,no_degree_prior,18,4,0.39999999999999986,edge_add
1.0,9,24.0,18.0,0.04577551782131195,0.35,1.0,source_only,12,4,1.0,edge_add
1.0,9,24.0,18.0,0.03770278890927632,0.35,0.415805446510742,full_method,12,4,0.39999999999999986,edge_add
1.0,9,24.0,18.0,0.038149118423461914,0.35,0.4163295036916523,no_degree_prior,12,4,0.39999999999999986,edge_add
0.8636363636363636,0,6.0,2.0,0.07754070108587091,0.25,1.0,source_only,22,4,1.0,homophily_shift
0.8636363636363636,0,6.0,2.0,0.10265662182461131,0.25,0.40629463150062517,full_method,22,4,0.39999999999999986,homophily_shift
0.8636363636363636,0,6.0,2.0,0.1026455434885892,0.25,0.40236215758985666,no_degree_prior,22,4,0.39999999999999986,homophily_shift
0.7619047619047619,1,7.0,6.0,0.14439937614259268,0.25,1.0,source_only,21,4,1.0,homophily_shift
0.7619047619047619,1,7.0,6.0,0.16904394399552117,0.25,0.40629463150062517,full_method,21,4,0.39999999999999986,homophily_shift
0.7619047619047619,1,7.0,6.0,0.13896123426301138,0.25,0.40236215758985666,no_degree_prior,21,4,0.39999999999999986,homophily_shift
0.9130434782608695,2,8.0,7.0,0.08509349563847417,0.25,1.0,source_only,23,4,1.0,homophily_shift
0.9130434782608695,2,8.0,7.0,0.12927962904391083,0.25,0.40629463150062517,full_method,23,4,0.39999999999999986,homophily_shift
0.9130434782608695,2,8.0,7.0,0.12935885657434879,0.25,0.40236215758985666,no_degree_prior,23,4,0.39999999999999986,homophily_shift
0.8260869565217391,4,9.0,8.6,0.14317860292351764,0.25,1.0,source_only,23,4,1.0,homophily_shift
0.8260869565217391,4,9.0,8.6,0.10965851338013358,0.25,0.40629463150062517,full_method,23,4,0.39999999999999986,homophily_shift
0.8260869565217391,4,9.0,8.6,0.10948755430138629,0.25,0.40236215758985666,no_degree_prior,23,4,0.39999999999999986,homophily_shift
0.8666666666666667,5,10.0,9.0,0.1929680506388346,0.25,1.0,source_only,15,4,1.0,homophily_shift
0.8,5,10.0,9.0,0.19319226344426468,0.25,0.40629463150062517,full_method,15,4,0.39999999999999986,homophily_shift
0.8,5,10.0,9.0,0.1930304606755574,0.25,0.40236215758985666,no_degree_prior,15,4,0.39999999999999986,homophily_shift
0.8333333333333334,6,11.0,10.0,0.1710866987705231,0.25,1.0,source_only,18,4,1.0,homophily_shift
0.8333333333333334,6,11.0,10.0,0.12127539515495303,0.25,0.40629463150062517,full_method,18,4,0.39999999999999986,homophily_shift
0.8333333333333334,6,11.0,10.0,0.12096303039126928,0.25,0.40236215758985666,no_degree_prior,18,4,0.39999999999999986,homophily_shift
0.9090909090909091,7,12.0,11.0,0.161976770921187,0.25,1.0,source_only,11,4,1.0,homophily_shift
0.9090909090909091,7,12.0,11.0,0.16262484680522576,0.25,0.40629463150062517,full_method,11,4,0.39999999999999986,homophily_shift
0.9090909090909091,7,12.0,11.0,0.16248768568038943,0.25,0.40236215758985666,no_degree_prior,11,4,0.39999999999999986,homophily_shift
0.8947368421052632,8,14.0,12.0,0.12162342824433978,0.25,1.0,source_only,19,4,1.0,homophily_shift
0.8947368421052632,8,14.0,12.0,0.15259218843359695,0.25,0.40629463150062517,full_method,19,4,0.39999999999999986,homophily_shift
0.8947368421052632,8,14.0,12.0,0.1522690622430099,0.25,0.40236215758985666,no_degree_prior,19,4,0.39999999999999986,homophily_shift
0.7692307692307693,9,19.0,14.0,0.1722968174861028,0.25,1.0,source_only,13,4,1.0,homophily_shift
0.7692307692307693,9,19.0,14.0,0.17636362405923697,0.25,0.40629463150062517,full_method,13,4,0.39999999999999986,homophily_shift
0.7692307692307693,9,19.0,14.0,0.176058081480173,0.25,0.40236215758985666,no_degree_prior,13,4,0.39999999999999986,homophily_shift
