accuracy,debiased,ece,intensity,method,n_bins,seed,shift
0.9818181818181818,False,0.008141130750829544,0.0,source_only,5,0,clean
0.9818181818181818,True,0.006929009538708332,0.0,source_only,5,0,clean
0.9818181818181818,False,0.020490259293353918,0.0,source_only,10,0,clean
0.9818181818181818,True,0.01988419868729331,0.0,source_only,10,0,clean
0.9818181818181818,False,0.021901979049046838,0.0,source_only,15,0,clean
0.9818181818181818,True,0.021497938645006435,0.0,source_only,15,0,clean
0.9818181818181818,False,0.027550212361595845,0.0,source_only,20,0,clean
0.9818181818181818,True,0.027247182058565543,0.0,source_only,20,0,clean
0.9818181818181818,False,0.027550215251518014,0.0,source_only,25,0,clean
0.9818181818181818,True,0.027307791009093772,0.0,source_only,25,0,clean
0.9818181818181818,False,0.005604725895505985,0.0,full_method,5,0,clean
0.9818181818181818,True,0.004392604683384773,0.0,full_method,5,0,clean
0.9818181818181818,False,0.02031732111266165,0.0,full_method,10,0,clean
0.9818181818181818,True,0.019711260506601044,0.0,full_method,10,0,clean
0.9818181818181818,False,0.02173501361500133,0.0,full_method,15,0,clean
0.9818181818181818,True,0.021330973210960925,0.0,full_method,15,0,clean
0.9818181818181818,False,0.027325293150815097,0.0,full_method,20,0,clean
0.9818181818181818,True,0.027022262847784796,0.0,full_method,20,0,clean
0.9818181818181818,False,0.027325197422143184,0.0,full_method,25,0,clean
0.9818181818181818,True,0.027082773179718942,0.0,full_method,25,0,clean
0.9575757575757575,False,0.02083938988772308,0.45,source_only,5,0,feature_noise
0.9575757575757575,True,0.019627268675601866,0.45,source_only,5,0,feature_noise
0.9575757575757575,False,0.027178891499837238,0.45,source_only,10,0,feature_noise
0.9575757575757575,True,0.02657283089377663,0.45,source_only,10,0,feature_noise
0.9575757575757575,False,0.026739293878728695,0.45,source_only,15,0,feature_noise
0.9575757575757575,True,0.02633525347468829,0.45,source_only,15,0,feature_noise
0.9575757575757575,False,0.027178936293630888,0.45,source_only,20,0,feature_noise
0.9575757575757575,True,0.026875905990600586,0.45,source_only,20,0,feature_noise
0.9575757575757575,False,0.03774252515850646,0.45,source_only,25,0,feature_noise
0.9575757575757575,True,0.03750010091608221,0.45,source_only,25,0,feature_noise
0.9575757575757575,False,0.020842739668759457,0.45,full_method,5,0,feature_noise
0.9575757575757575,True,0.019630618456638244,0.45,full_method,5,0,feature_noise
0.9575757575757575,False,0.03493595358097192,0.45,full_method,10,0,feature_noise
0.9575757575757575,True,0.03432989297491132,0.45,full_method,10,0,feature_noise
0.9575757575757575,False,0.025106721935850205,0.45,full_method,15,0,feature_noise
0.9575757575757575,True,0.0247026815318098,0.45,full_method,15,0,feature_noise
0.9575757575757575,False,0.04270058165897023,0.45,full_method,20,0,feature_noise
0.9575757575757575,True,0.04239755135593992,0.45,full_method,20,0,feature_noise
0.9575757575757575,False,0.03677736213712981,0.45,full_method,25,0,feature_noise
0.9575757575757575,True,0.03653493789470556,0.45,full_method,25,0,feature_noise
0.9333333333333333,False,0.039513626604369176,0.35,source_only,5,0,edge_drop
0.9333333333333333,True,0.03830150539224796,0.35,source_only,5,0,edge_drop
0.9333333333333333,False,0.04746436314149331,0.35,source_only,10,0,edge_drop
0.9333333333333333,True,0.04685830253543271,0.35,source_only,10,0,edge_drop
0.9333333333333333,False,0.04746427102522412,0.35,source_only,15,0,edge_drop
0.9333333333333333,True,0.04706023062118371,0.35,source_only,15,0,edge_drop
0.9333333333333333,False,0.047464235984917794,0.35,source_only,20,0,edge_drop
0.9333333333333333,True,0.04716120568188749,0.35,source_only,20,0,edge_drop
0.9333333333333333,False,0.04746432051514136,0.35,source_only,25,0,edge_drop
0.9333333333333333,True,0.04722189627271711,0.35,source_only,25,0,edge_drop
0.9333333333333333,False,0.039997847874959296,0.35,full_method,5,0,edge_drop
0.9333333333333333,True,0.03878572666283808,0.35,full_method,5,0,edge_drop
0.9333333333333333,False,0.04784223527619328,0.35,full_method,10,0,edge_drop
0.9333333333333333,True,0.04723617467013268,0.35,full_method,10,0,edge_drop
0.9333333333333333,False,0.04784220601573138,0.35,full_method,15,0,edge_drop
0.9333333333333333,True,0.04743816561169097,0.35,full_method,15,0,edge_drop
0.9333333333333333,False,0.04784216049945718,0.35,full_method,20,0,edge_drop
0.9333333333333333,True,0.047539130196426874,0.35,full_method,20,0,edge_drop
0.9333333333333333,False,0.053584897518157974,0.35,full_method,25,0,edge_drop
0.9333333333333333,True,0.05334247327573373,0.35,full_method,25,0,edge_drop
0.9636363636363636,False,0.025689750006704613,0.35,source_only,5,0,edge_add
0.9636363636363636,True,0.0244776287945834,0.35,source_only,5,0,edge_add
0.9636363636363636,False,0.025689753257867057,0.35,source_only,10,0,edge_add
0.9636363636363636,True,0.02508369265180645,0.35,source_only,10,0,edge_add
0.9636363636363636,False,0.03307623068491618,0.35,source_only,15,0,edge_add
0.9636363636363636,True,0.03267219028087577,0.35,source_only,15,0,edge_add
0.9636363636363636,False,0.03645139174027877,0.35,source_only,20,0,edge_add
0.9636363636363636,True,0.036148361437248464,0.35,source_only,20,0,edge_add
0.9636363636363636,False,0.04625410672390099,0.35,source_only,25,0,edge_add
0.9636363636363636,True,0.046011682481476746,0.35,source_only,25,0,edge_add
0.9636363636363636,False,0.024467986280267855,0.35,full_method,5,0,edge_add
0.9636363636363636,True,0.02325586506814664,0.35,full_method,5,0,edge_add
0.9636363636363636,False,0.028810074473872325,0.35,full_method,10,0,edge_add
0.9636363636363636,True,0.02820401386781172,0.35,full_method,10,0,edge_add
0.9636363636363636,False,0.04912585598049742,0.35,full_method,15,0,edge_add
0.9636363636363636,True,0.048721815576457016,0.35,full_method,15,0,edge_add
0.9636363636363636,False,0.0394427245313471,0.35,full_method,20,0,edge_add
0.9636363636363636,True,0.03913969422831679,0.35,full_method,20,0,edge_add
0.9636363636363636,False,0.04066696058620106,0.35,full_method,25,0,edge_add
0.9636363636363636,True,0.04042453634377682,0.35,full_method,25,0,edge_add
0.793939393939394,False,0.0748123400139086,0.25,source_only,5,0,homophily_shift
0.793939393939394,True,0.0736002188017874,0.25,source_only,5,0,homophily_shift
0.793939393939394,False,0.07481236223018534,0.25,source_only,10,0,homophily_shift
0.793939393939394,True,0.07420630162412473,0.25,source_only,10,0,homophily_shift
0.793939393939394,False,0.08187840165513931,0.25,source_only,15,0,homophily_shift
0.793939393939394,True,0.0814743612510989,0.25,source_only,15,0,homophily_shift
0.793939393939394,False,0.0764050635424527,0.25,source_only,20,0,homophily_shift
0.793939393939394,True,0.0761020332394224,0.25,source_only,20,0,homophily_shift
0.793939393939394,False,0.11185371875762941,0.25,source_only,25,0,homophily_shift
0.793939393939394,True,0.11161129451520517,0.25,source_only,25,0,homophily_shift
0.793939393939394,False,0.07877312103907266,0.25,full_method,5,0,homophily_shift
0.793939393939394,True,0.07756099982695146,0.25,full_method,5,0,homophily_shift
0.793939393939394,False,0.08190411979501902,0.25,full_method,10,0,homophily_shift
0.793939393939394,True,0.08129805918895841,0.25,full_method,10,0,homophily_shift
0.793939393939394,False,0.08358790531302945,0.25,full_method,15,0,homophily_shift
0.793939393939394,True,0.08318386490898905,0.25,full_method,15,0,homophily_shift
0.793939393939394,False,0.09123907721403877,0.25,full_method,20,0,homophily_shift
0.793939393939394,True,0.09093604691100847,0.25,full_method,20,0,homophily_shift
0.793939393939394,False,0.0979135063561526,0.25,full_method,25,0,homophily_shift
0.793939393939394,True,0.09767108211372837,0.25,full_method,25,0,homophily_shift
0.6181818181818182,False,0.16643377542495724,0.5,source_only,5,0,homophily_shift
0.6181818181818182,True,0.16522165421283602,0.5,source_only,5,0,homophily_shift
0.6181818181818182,False,0.16776355053439282,0.5,source_only,10,0,homophily_shift
0.6181818181818182,True,0.1671574899283322,0.5,source_only,10,0,homophily_shift
0.6181818181818182,False,0.16984779184514825,0.5,source_only,15,0,homophily_shift
0.6181818181818182,True,0.16944375144110785,0.5,source_only,15,0,homophily_shift
0.6181818181818182,False,0.18687580300099926,0.5,source_only,20,0,homophily_shift
0.6181818181818182,True,0.18657277269796896,0.5,source_only,20,0,homophily_shift
0.6181818181818182,False,0.20379309437491677,0.5,source_only,25,0,homophily_shift
0.6181818181818182,True,0.20355067013249253,0.5,source_only,25,0,homophily_shift
0.5818181818181818,False,0.20839139223098754,0.5,full_method,5,0,homophily_shift
0.5818181818181818,True,0.20717927101886632,0.5,full_method,5,0,homophily_shift
0.5818181818181818,False,0.2085254835359978,0.5,full_method,10,0,homophily_shift
0.5818181818181818,True,0.2079194229299372,0.5,full_method,10,0,homophily_shift
0.5818181818181818,False,0.21197653214136758,0.5,full_method,15,0,homophily_shift
0.5818181818181818,True,0.21157249173732717,0.5,full_method,15,0,homophily_shift
0.5818181818181818,False,0.2154896504951246,0.5,full_method,20,0,homophily_shift
0.5818181818181818,True,0.2151866201920943,0.5,full_method,20,0,homophily_shift
0.5818181818181818,False,0.2147406218629895,0.5,full_method,25,0,homophily_shift
0.5818181818181818,True,0.21449819762056527,0.5,full_method,25,0,homophily_shift
0.9696969696969697,False,0.013896592458089213,0.0,source_only,5,1,clean
0.9696969696969697,True,0.012684471245968002,0.0,source_only,5,1,clean
0.9696969696969697,False,0.014163645831021374,0.0,source_only,10,1,clean
0.9696969696969697,True,0.013557585224960767,0.0,source_only,10,1,clean
0.9696969696969697,False,0.016232943534851104,0.0,source_only,15,1,clean
0.9696969696969697,True,0.0158289031308107,0.0,source_only,15,1,clean
0.9696969696969697,False,0.022852071848782633,0.0,source_only,20,1,clean
0.9696969696969697,True,0.02254904154575233,0.0,source_only,20,1,clean
0.9696969696969697,False,0.02339727047717935,0.0,source_only,25,1,clean
0.9696969696969697,True,0.023154846234755107,0.0,source_only,25,1,clean
0.9696969696969697,False,0.013799385590986795,0.0,full_method,5,1,clean
0.9696969696969697,True,0.012587264378865582,0.0,full_method,5,1,clean
0.9696969696969697,False,0.014273284059582314,0.0,full_method,10,1,clean
0.9696969696969697,True,0.013667223453521707,0.0,full_method,10,1,clean
0.9696969696969697,False,0.023495344682173326,0.0,full_method,15,1,clean
0.9696969696969697,True,0.023091304278132923,0.0,full_method,15,1,clean
0.9696969696969697,False,0.022331310041023063,0.0,full_method,20,1,clean
0.9696969696969697,True,0.022028279737992762,0.0,full_method,20,1,clean
0.9696969696969697,False,0.026907681696342722,0.0,full_method,25,1,clean
0.9696969696969697,True,0.02666525745391848,0.0,full_method,25,1,clean
0.9393939393939394,False,0.0318329431793907,0.45,source_only,5,1,feature_noise
0.9393939393939394,True,0.030620821967269486,0.45,source_only,5,1,feature_noise
0.9393939393939394,False,0.03183302048480868,0.45,source_only,10,1,feature_noise
0.9393939393939394,True,0.031226959878748076,0.45,source_only,10,1,feature_noise
0.9393939393939394,False,0.039370129325173094,0.45,source_only,15,1,feature_noise
0.9393939393939394,True,0.03896608892113269,0.45,source_only,15,1,feature_noise
0.9393939393939394,False,0.03676914482405689,0.45,source_only,20,1,feature_noise
0.9393939393939394,True,0.036466114521026584,0.45,source_only,20,1,feature_noise
0.9393939393939394,False,0.041551873900673594,0.45,source_only,25,1,feature_noise
0.9393939393939394,True,0.04130944965824935,0.45,source_only,25,1,feature_noise
0.9515151515151515,False,0.021892545439980204,0.45,full_method,5,1,feature_noise
0.9515151515151515,True,0.02068042422785899,0.45,full_method,5,1,feature_noise
0.9515151515151515,False,0.029443174419981087,0.45,full_method,10,1,feature_noise
0.9515151515151515,True,0.02883711381392048,0.45,full_method,10,1,feature_noise
0.9515151515151515,False,0.039233519814231156,0.45,full_method,15,1,feature_noise
0.9515151515151515,True,0.03882947941019075,0.45,full_method,15,1,feature_noise
0.9515151515151515,False,0.03751049294616234,0.45,full_method,20,1,feature_noise
0.9515151515151515,True,0.03720746264313204,0.45,full_method,20,1,feature_noise
0.9515151515151515,False,0.04562330282095705,0.45,full_method,25,1,feature_noise
0.9515151515151515,True,0.045380878578532804,0.45,full_method,25,1,feature_noise
0.9212121212121213,False,0.03860317035154866,0.35,source_only,5,1,edge_drop
0.9212121212121213,True,0.037391049139427444,0.35,source_only,5,1,edge_drop
0.9212121212121213,False,0.03860304319497311,0.35,source_only,10,1,edge_drop
0.9212121212121213,True,0.03799698258891251,0.35,source_only,10,1,edge_drop
0.9212121212121213,False,0.05141146255261968,0.35,source_only,15,1,edge_drop
0.9212121212121213,True,0.05100742214857927,0.35,source_only,15,1,edge_drop
0.9212121212121213,False,0.041889207290880574,0.35,source_only,20,1,edge_drop
0.9212121212121213,True,0.04158617698785027,0.35,source_only,20,1,edge_drop
0.9212121212121213,False,0.058851674470034525,0.35,source_only,25,1,edge_drop
0.9212121212121213,True,0.05860925022761028,0.35,source_only,25,1,edge_drop
0.9212121212121213,False,0.038991790468042575,0.35,full_method,5,1,edge_drop
0.9212121212121213,True,0.03777966925592136,0.35,full_method,5,1,edge_drop
0.9212121212121213,False,0.03899184573780407,0.35,full_method,10,1,edge_drop
0.9212121212121213,True,0.03838578513174347,0.35,full_method,10,1,edge_drop
0.9212121212121213,False,0.05488702456156409,0.35,full_method,15,1,edge_drop
0.9212121212121213,True,0.05448298415752369,0.35,full_method,15,1,edge_drop
0.9212121212121213,False,0.042582389441403475,0.35,full_method,20,1,edge_drop
0.9212121212121213,True,0.04227935913837317,0.35,full_method,20,1,edge_drop
0.9212121212121213,False,0.059080335226925955,0.35,full_method,25,1,edge_drop
0.9212121212121213,True,0.05883791098450171,0.35,full_method,25,1,edge_drop
0.9272727272727272,False,0.0121127587376219,0.35,source_only,5,1,edge_add
0.9272727272727272,True,0.01090063752550069,0.35,source_only,5,1,edge_add
0.9272727272727272,False,0.01786581639087561,0.35,source_only,10,1,edge_add
0.9272727272727272,True,0.017259755784815003,0.35,source_only,10,1,edge_add
0.9272727272727272,False,0.0405849601283218,0.35,source_only,15,1,edge_add
0.9272727272727272,True,0.040180919724281394,0.35,source_only,15,1,edge_add
0.9272727272727272,False,0.028247978470542213,0.35,source_only,20,1,edge_add
0.9272727272727272,True,0.02794494816751191,0.35,source_only,20,1,edge_add
0.9272727272727272,False,0.06893539248090802,0.35,source_only,25,1,edge_add
0.9272727272727272,True,0.06869296823848378,0.35,source_only,25,1,edge_add
0.9272727272727272,False,0.011981683788877564,0.35,full_method,5,1,edge_add
0.9272727272727272,True,0.010769562576756351,0.35,full_method,5,1,edge_add
0.9272727272727272,False,0.01838959852854413,0.35,full_method,10,1,edge_add
0.9272727272727272,True,0.017783537922483522,0.35,full_method,10,1,edge_add
0.9272727272727272,False,0.042285579262357764,0.35,full_method,15,1,edge_add
0.9272727272727272,True,0.04188153885831736,0.35,full_method,15,1,edge_add
0.9272727272727272,False,0.028508042927944302,0.35,full_method,20,1,edge_add
0.9272727272727272,True,0.028205012624914,0.35,full_method,20,1,edge_add
0.9272727272727272,False,0.044442093011104696,0.35,full_method,25,1,edge_add
0.9272727272727272,True,0.04419966876868045,0.35,full_method,25,1,edge_add
0.793939393939394,False,0.08033973159212056,0.25,source_only,5,1,homophily_shift
0.793939393939394,True,0.07912761037999935,0.25,source_only,5,1,homophily_shift
0.793939393939394,False,0.0803397946285479,0.25,source_only,10,1,homophily_shift
0.793939393939394,True,0.07973373402248729,0.25,source_only,10,1,homophily_shift
0.793939393939394,False,0.08579911427064377,0.25,source_only,15,1,homophily_shift
0.793939393939394,True,0.08539507386660336,0.25,source_only,15,1,homophily_shift
0.793939393939394,False,0.08635408950574472,0.25,source_only,20,1,homophily_shift
0.793939393939394,True,0.08605105920271441,0.25,source_only,20,1,homophily_shift
0.793939393939394,False,0.08635405952280217,0.25,source_only,25,1,homophily_shift
0.793939393939394,True,0.08611163528037794,0.25,source_only,25,1,homophily_shift
0.806060606060606,False,0.07423114126378835,0.25,full_method,5,1,homophily_shift
0.806060606060606,True,0.07301902005166715,0.25,full_method,5,1,homophily_shift
0.806060606060606,False,0.0760347272410537,0.25,full_method,10,1,homophily_shift
0.806060606060606,True,0.07542866663499309,0.25,full_method,10,1,homophily_shift
0.806060606060606,False,0.09357215075781855,0.25,full_method,15,1,homophily_shift
0.806060606060606,True,0.09316811035377814,0.25,full_method,15,1,homophily_shift
0.806060606060606,False,0.09071770147843798,0.25,full_method,20,1,homophily_shift
0.806060606060606,True,0.09041467117540768,0.25,full_method,20,1,homophily_shift
0.806060606060606,False,0.08722208648016957,0.25,full_method,25,1,homophily_shift
0.806060606060606,True,0.08697966223774534,0.25,full_method,25,1,homophily_shift
0.6060606060606061,False,0.18597405137437764,0.5,source_only,5,1,homophily_shift
0.6060606060606061,True,0.18476193016225642,0.5,source_only,5,1,homophily_shift
0.6060606060606061,False,0.18597402464259755,0.5,source_only,10,1,homophily_shift
0.6060606060606061,True,0.18536796403653694,0.5,source_only,10,1,homophily_shift
0.6060606060606061,False,0.1859740040519021,0.5,source_only,15,1,homophily_shift
0.6060606060606061,True,0.18556996364786169,0.5,source_only,15,1,homophily_shift
0.6060606060606061,False,0.19958554361805766,0.5,source_only,20,1,homophily_shift
0.6060606060606061,True,0.19928251331502736,0.5,source_only,20,1,homophily_shift
0.6060606060606061,False,0.20288296215461962,0.5,source_only,25,1,homophily_shift
0.6060606060606061,True,0.20264053791219538,0.5,source_only,25,1,homophily_shift
0.6060606060606061,False,0.19831694057493504,0.5,full_method,5,1,homophily_shift
0.6060606060606061,True,0.19710481936281382,0.5,full_method,5,1,homophily_shift
0.6060606060606061,False,0.19831692377726237,0.5,full_method,10,1,homophily_shift
0.6060606060606061,True,0.19771086317120176,0.5,full_method,10,1,homophily_shift
0.6060606060606061,False,0.19831696875167615,0.5,full_method,15,1,homophily_shift
0.6060606060606061,True,0.19791292834763574,0.5,full_method,15,1,homophily_shift
0.6060606060606061,False,0.2011065423488617,0.5,full_method,20,1,homophily_shift
0.6060606060606061,True,0.20080351204583138,0.5,full_method,20,1,homophily_shift
0.6060606060606061,False,0.20618315953196903,0.5,full_method,25,1,homophily_shift
0.6060606060606061,True,0.2059407352895448,0.5,full_method,25,1,homophily_shift
0.9878787878787879,False,0.012210562373652603,0.0,source_only,5,2,clean
0.9878787878787879,True,0.01099844116153139,0.0,source_only,5,2,clean
0.9878787878787879,False,0.012210562373652603,0.0,source_only,10,2,clean
0.9878787878787879,True,0.011604501767591997,0.0,source_only,10,2,clean
0.9878787878787879,False,0.012210462310097436,0.0,source_only,15,2,clean
0.9878787878787879,True,0.011806421906057032,0.0,source_only,15,2,clean
0.9878787878787879,False,0.015439324667959501,0.0,source_only,20,2,clean
0.9878787878787879,True,0.015136294364929198,0.0,source_only,20,2,clean
0.9878787878787879,False,0.01543938499508482,0.0,source_only,25,2,clean
0.9878787878787879,True,0.015196960752660579,0.0,source_only,25,2,clean
0.9878787878787879,False,0.012209353302464341,0.0,full_method,5,2,clean
0.9878787878787879,True,0.010997232090343128,0.0,full_method,5,2,clean
0.9878787878787879,False,0.01220935294122407,0.0,full_method,10,2,clean
0.9878787878787879,True,0.011603292335163464,0.0,full_method,10,2,clean
0.9878787878787879,False,0.012209255767591073,0.0,full_method,15,2,clean
0.9878787878787879,True,0.01180521536355067,0.0,full_method,15,2,clean
0.9878787878787879,False,0.015331248803572221,0.0,full_method,20,2,clean
0.9878787878787879,True,0.015028218500541918,0.0,full_method,20,2,clean
0.9878787878787879,False,0.015331176916758218,0.0,full_method,25,2,clean
0.9878787878787879,True,0.015088752674333976,0.0,full_method,25,2,clean
0.9939393939393939,False,0.009924657417066204,0.45,source_only,5,2,feature_noise
0.9939393939393939,True,0.008712536204944991,0.45,source_only,5,2,feature_noise
0.9939393939393939,False,0.011539607698267135,0.45,source_only,10,2,feature_noise
0.9939393939393939,True,0.010933547092206529,0.45,source_only,10,2,feature_noise
0.9939393939393939,False,0.01991708314780033,0.45,source_only,15,2,feature_noise
0.9939393939393939,True,0.019513042743759926,0.45,source_only,15,2,feature_noise
0.9939393939393939,False,0.01904694058678367,0.45,source_only,20,2,feature_noise
0.9939393939393939,True,0.018743910283753367,0.45,source_only,20,2,feature_noise
0.9939393939393939,False,0.01854381380659161,0.45,source_only,25,2,feature_noise
0.9939393939393939,True,0.018301389564167367,0.45,source_only,25,2,feature_noise
0.9939393939393939,False,0.00954549565459746,0.45,full_method,5,2,feature_noise
0.9939393939393939,True,0.008333374442476248,0.45,full_method,5,2,feature_noise
0.9939393939393939,False,0.010737687529939591,0.45,full_method,10,2,feature_noise
0.9939393939393939,True,0.010131626923878985,0.45,full_method,10,2,feature_noise
0.9939393939393939,False,0.01808499964800748,0.45,full_method,15,2,feature_noise
0.9939393939393939,True,0.017680959243967075,0.45,full_method,15,2,feature_noise
0.9939393939393939,False,0.018392027869369044,0.45,full_method,20,2,feature_noise
0.9939393939393939,True,0.018088997566338742,0.45,full_method,20,2,feature_noise
0.9939393939393939,False,0.0183439446218086,0.45,full_method,25,2,feature_noise
0.9939393939393939,True,0.018101520379384357,0.45,full_method,25,2,feature_noise
0.9636363636363636,False,0.017820489767825957,0.35,source_only,5,2,edge_drop
0.9636363636363636,True,0.016608368555704744,0.35,source_only,5,2,edge_drop
0.9636363636363636,False,0.017820453643798844,0.35,source_only,10,2,edge_drop
0.9636363636363636,True,0.017214393037738238,0.35,source_only,10,2,edge_drop
0.9636363636363636,False,0.025104212760925292,0.35,source_only,15,2,edge_drop
0.9636363636363636,True,0.02470017235688489,0.35,source_only,15,2,edge_drop
0.9636363636363636,False,0.033000728578278515,0.35,source_only,20,2,edge_drop
0.9636363636363636,True,0.03269769827524821,0.35,source_only,20,2,edge_drop
0.9636363636363636,False,0.03888367197730325,0.35,source_only,25,2,edge_drop
0.9636363636363636,True,0.038641247734879,0.35,source_only,25,2,edge_drop
0.9636363636363636,False,0.01785349882010257,0.35,full_method,5,2,edge_drop
0.9636363636363636,True,0.01664137760798136,0.35,full_method,5,2,edge_drop
0.9636363636363636,False,0.01785341428987909,0.35,full_method,10,2,edge_drop
0.9636363636363636,True,0.017247353683818484,0.35,full_method,10,2,edge_drop
0.9636363636363636,False,0.025039768580234413,0.35,full_method,15,2,edge_drop
0.9636363636363636,True,0.02463572817619401,0.35,full_method,15,2,edge_drop
0.9636363636363636,False,0.03287467667550752,0.35,full_method,20,2,edge_drop
0.9636363636363636,True,0.03257164637247722,0.35,full_method,20,2,edge_drop
0.9636363636363636,False,0.03353933999032686,0.35,full_method,25,2,edge_drop
0.9636363636363636,True,0.03329691574790261,0.35,full_method,25,2,edge_drop
0.9696969696969697,False,0.03663006822268169,0.35,source_only,5,2,edge_add
0.9696969696969697,True,0.035417947010560474,0.35,source_only,5,2,edge_add
0.9696969696969697,False,0.047179550654960406,0.35,source_only,10,2,edge_add
0.9696969696969697,True,0.0465734900488998,0.35,source_only,10,2,edge_add
0.9696969696969697,False,0.04717957305185722,0.35,source_only,15,2,edge_add
0.9696969696969697,True,0.046775532647816816,0.35,source_only,15,2,edge_add
0.9696969696969697,False,0.04916851827592561,0.35,source_only,20,2,edge_add
0.9696969696969697,True,0.048865487972895305,0.35,source_only,20,2,edge_add
0.9696969696969697,False,0.04916854681390704,0.35,source_only,25,2,edge_add
0.9696969696969697,True,0.048926122571482794,0.35,source_only,25,2,edge_add
0.9696969696969697,False,0.0396345803231904,0.35,full_method,5,2,edge_add
0.9696969696969697,True,0.03842245911106919,0.35,full_method,5,2,edge_add
0.9696969696969697,False,0.0450418183297822,0.35,full_method,10,2,edge_add
0.9696969696969697,True,0.044435757723721596,0.35,full_method,10,2,edge_add
0.9696969696969697,False,0.0450417955716451,0.35,full_method,15,2,edge_add
0.9696969696969697,True,0.044637755167604695,0.35,full_method,15,2,edge_add
0.9696969696969697,False,0.04504180460265189,0.35,full_method,20,2,edge_add
0.9696969696969697,True,0.044738774299621586,0.35,full_method,20,2,edge_add
0.9696969696969697,False,0.048037761630433974,0.35,full_method,25,2,edge_add
0.9696969696969697,True,0.04779533738800973,0.35,full_method,25,2,edge_add
0.8909090909090909,False,0.04705121788111599,0.25,source_only,5,2,homophily_shift
0.8909090909090909,True,0.04583909666899478,0.25,source_only,5,2,homophily_shift
0.8909090909090909,False,0.07110854640151514,0.25,source_only,10,2,homophily_shift
0.8909090909090909,True,0.07050248579545453,0.25,source_only,10,2,homophily_shift
0.8909090909090909,False,0.05841877370169671,0.25,source_only,15,2,homophily_shift
0.8909090909090909,True,0.0580147332976563,0.25,source_only,15,2,homophily_shift
0.8909090909090909,False,0.07433499242320207,0.25,source_only,20,2,homophily_shift
0.8909090909090909,True,0.07403196212017177,0.25,source_only,20,2,homophily_shift
0.8909090909090909,False,0.08711631749615524,0.25,source_only,25,2,homophily_shift
0.8909090909090909,True,0.086873893253731,0.25,source_only,25,2,homophily_shift
0.896969696969697,False,0.04899680686719493,0.25,full_method,5,2,homophily_shift
0.896969696969697,True,0.04778468565507372,0.25,full_method,5,2,homophily_shift
0.896969696969697,False,0.0608527761517149,0.25,full_method,10,2,homophily_shift
0.896969696969697,True,0.0602467155456543,0.25,full_method,10,2,homophily_shift
0.896969696969697,False,0.06497973853891546,0.25,full_method,15,2,homophily_shift
0.896969696969697,True,0.06457569813487506,0.25,full_method,15,2,homophily_shift
0.896969696969697,False,0.0690507386669968,0.25,full_method,20,2,homophily_shift
0.896969696969697,True,0.0687477083639665,0.25,full_method,20,2,homophily_shift
0.896969696969697,False,0.09288214643796283,0.25,full_method,25,2,homophily_shift
0.896969696969697,True,0.09263972219553859,0.25,full_method,25,2,homophily_shift
0.5818181818181818,False,0.1744700778614391,0.5,source_only,5,2,homophily_shift
0.5818181818181818,True,0.17325795664931787,0.5,source_only,5,2,homophily_shift
0.5818181818181818,False,0.1744701154304273,0.5,source_only,10,2,homophily_shift
0.5818181818181818,True,0.1738640548243667,0.5,source_only,10,2,homophily_shift
0.5818181818181818,False,0.1782586238600991,0.5,source_only,15,2,homophily_shift
0.5818181818181818,True,0.1778545834560587,0.5,source_only,15,2,homophily_shift
0.5818181818181818,False,0.18853511557434544,0.5,source_only,20,2,homophily_shift
0.5818181818181818,True,0.18823208527131513,0.5,source_only,20,2,homophily_shift
0.5818181818181818,False,0.18853511954798843,0.5,source_only,25,2,homophily_shift
0.5818181818181818,True,0.1882926953055642,0.5,source_only,25,2,homophily_shift
0.5272727272727272,False,0.2928354279561476,0.5,full_method,5,2,homophily_shift
0.5272727272727272,True,0.29162330674402637,0.5,full_method,5,2,homophily_shift
0.5272727272727272,False,0.2967034876346588,0.5,full_method,10,2,homophily_shift
0.5272727272727272,True,0.2960974270285982,0.5,full_method,10,2,homophily_shift
0.5272727272727272,False,0.30971933368480564,0.5,full_method,15,2,homophily_shift
0.5272727272727272,True,0.30931529328076524,0.5,full_method,15,2,homophily_shift
0.5272727272727272,False,0.3057800244201313,0.5,full_method,20,2,homophily_shift
0.5272727272727272,True,0.305476994117101,0.5,full_method,20,2,homophily_shift
0.5272727272727272,False,0.316217554879911,0.5,full_method,25,2,homophily_shift
0.5272727272727272,True,0.3159751306374867,0.5,full_method,25,2,homophily_shift
0.9818181818181818,False,0.010833873170794851,0.0,source_only,5,3,clean
0.9818181818181818,True,0.009621751958673638,0.0,source_only,5,3,clean
0.9818181818181818,False,0.013973710392460675,0.0,source_only,10,3,clean
0.9818181818181818,True,0.013367649786400069,0.0,source_only,10,3,clean
0.9818181818181818,False,0.01754050868930239,0.0,source_only,15,3,clean
0.9818181818181818,True,0.017136468285261986,0.0,source_only,15,3,clean
0.9818181818181818,False,0.02186688401482322,0.0,source_only,20,3,clean
0.9818181818181818,True,0.021563853711792917,0.0,source_only,20,3,clean
0.9818181818181818,False,0.024480210289810643,0.0,source_only,25,3,clean
0.9818181818181818,True,0.0242377860473864,0.0,source_only,25,3,clean
0.9818181818181818,False,0.01046906348430748,0.0,full_method,5,3,clean
0.9818181818181818,True,0.009256942272186267,0.0,full_method,5,3,clean
0.9818181818181818,False,0.013698098515019276,0.0,full_method,10,3,clean
0.9818181818181818,True,0.01309203790895867,0.0,full_method,10,3,clean
0.9818181818181818,False,0.017448689359607118,0.0,full_method,15,3,clean
0.9818181818181818,True,0.017044648955566715,0.0,full_method,15,3,clean
0.9818181818181818,False,0.018124832890250464,0.0,full_method,20,3,clean
0.9818181818181818,True,0.017821802587220163,0.0,full_method,20,3,clean
0.9818181818181818,False,0.024319551569042787,0.0,full_method,25,3,clean
0.9818181818181818,True,0.024077127326618545,0.0,full_method,25,3,clean
0.9757575757575757,False,0.02145791451136271,0.45,source_only,5,3,feature_noise
0.9757575757575757,True,0.020245793299241498,0.45,source_only,5,3,feature_noise
0.9757575757575757,False,0.026736763390627773,0.45,source_only,10,3,feature_noise
0.9757575757575757,True,0.026130702784567167,0.45,source_only,10,3,feature_noise
0.9757575757575757,False,0.02699390866539695,0.45,source_only,15,3,feature_noise
0.9757575757575757,True,0.026589868261356547,0.45,source_only,15,3,feature_noise
0.9757575757575757,False,0.03012363368814642,0.45,source_only,20,3,feature_noise
0.9757575757575757,True,0.029820603385116117,0.45,source_only,20,3,feature_noise
0.9757575757575757,False,0.030123631881945057,0.45,source_only,25,3,feature_noise
0.9757575757575757,True,0.029881207639520815,0.45,source_only,25,3,feature_noise
0.9757575757575757,False,0.011102510943557242,0.45,full_method,5,3,feature_noise
0.9757575757575757,True,0.00989038973143603,0.45,full_method,5,3,feature_noise
0.9757575757575757,False,0.019211392872261278,0.45,full_method,10,3,feature_noise
0.9757575757575757,True,0.01860533226620067,0.45,full_method,10,3,feature_noise
0.9757575757575757,False,0.02365248582579873,0.45,full_method,15,3,feature_noise
0.9757575757575757,True,0.023248445421758326,0.45,full_method,15,3,feature_noise
0.9757575757575757,False,0.024865196509794758,0.45,full_method,20,3,feature_noise
0.9757575757575757,True,0.024562166206764456,0.45,full_method,20,3,feature_noise
0.9757575757575757,False,0.024865062489654078,0.45,full_method,25,3,feature_noise
0.9757575757575757,True,0.024622638247229836,0.45,full_method,25,3,feature_noise
0.9515151515151515,False,0.02637650713776098,0.35,source_only,5,3,edge_drop
0.9515151515151515,True,0.025164385925639767,0.35,source_only,5,3,edge_drop
0.9515151515151515,False,0.032286331870339094,0.35,source_only,10,3,edge_drop
0.9515151515151515,True,0.03168027126427849,0.35,source_only,10,3,edge_drop
0.9515151515151515,False,0.035926828239903286,0.35,source_only,15,3,edge_drop
0.9515151515151515,True,0.03552278783586288,0.35,source_only,15,3,edge_drop
0.9515151515151515,False,0.036831376769326,0.35,source_only,20,3,edge_drop
0.9515151515151515,True,0.03652834646629569,0.35,source_only,20,3,edge_drop
0.9515151515151515,False,0.0378880533305081,0.35,source_only,25,3,edge_drop
0.9515151515151515,True,0.03764562908808385,0.35,source_only,25,3,edge_drop
0.9515151515151515,False,0.027232576139045492,0.35,full_method,5,3,edge_drop
0.9515151515151515,True,0.02602045492692428,0.35,full_method,5,3,edge_drop
0.9515151515151515,False,0.03330458908370043,0.35,full_method,10,3,edge_drop
0.9515151515151515,True,0.03269852847763983,0.35,full_method,10,3,edge_drop
0.9515151515151515,False,0.036171140092791904,0.35,full_method,15,3,edge_drop
0.9515151515151515,True,0.0357670996887515,0.35,full_method,15,3,edge_drop
0.9515151515151515,False,0.037614183353655316,0.35,full_method,20,3,edge_drop
0.9515151515151515,True,0.03731115305062501,0.35,full_method,20,3,edge_drop
0.9515151515151515,False,0.03897900472987778,0.35,full_method,25,3,edge_drop
0.9515151515151515,True,0.038736580487453535,0.35,full_method,25,3,edge_drop
0.9636363636363636,False,0.02306804693106453,0.35,source_only,5,3,edge_add
0.9636363636363636,True,0.021855925718943316,0.35,source_only,5,3,edge_add
0.9636363636363636,False,0.030621010245698875,0.35,source_only,10,3,edge_add
0.9636363636363636,True,0.03001494963963827,0.35,source_only,10,3,edge_add
0.9636363636363636,False,0.03867674975684194,0.35,source_only,15,3,edge_add
0.9636363636363636,True,0.03827270935280153,0.35,source_only,15,3,edge_add
0.9636363636363636,False,0.03866328542882746,0.35,source_only,20,3,edge_add
0.9636363636363636,True,0.03836025512579715,0.35,source_only,20,3,edge_add
0.9636363636363636,False,0.04501356428319758,0.35,source_only,25,3,edge_add
0.9636363636363636,True,0.04477114004077334,0.35,source_only,25,3,edge_add
0.9757575757575757,False,0.032580310286897646,0.35,full_method,5,3,edge_add
0.9757575757575757,True,0.03136818907477643,0.35,full_method,5,3,edge_add
0.9757575757575757,False,0.03462093129302515,0.35,full_method,10,3,edge_add
0.9757575757575757,True,0.03401487068696455,0.35,full_method,10,3,edge_add
0.9757575757575757,False,0.0471996419357531,0.35,full_method,15,3,edge_add
0.9757575757575757,True,0.046795601531712694,0.35,full_method,15,3,edge_add
0.9757575757575757,False,0.04600014397592256,0.35,full_method,20,3,edge_add
0.9757575757575757,True,0.04569711367289225,0.35,full_method,20,3,edge_add
0.9757575757575757,False,0.046689726728381536,0.35,full_method,25,3,edge_add
0.9757575757575757,True,0.04644730248595729,0.35,full_method,25,3,edge_add
0.8606060606060606,False,0.04156917369726937,0.25,source_only,5,3,homophily_shift
0.8606060606060606,True,0.040357052485148155,0.25,source_only,5,3,homophily_shift
0.8606060606060606,False,0.06240869092218806,0.25,source_only,10,3,homophily_shift
0.8606060606060606,True,0.061802630316127455,0.25,source_only,10,3,homophily_shift
0.8606060606060606,False,0.06662238908536507,0.25,source_only,15,3,homophily_shift
0.8606060606060606,True,0.06621834868132466,0.25,source_only,15,3,homophily_shift
0.8606060606060606,False,0.08670930356690378,0.25,source_only,20,3,homophily_shift
0.8606060606060606,True,0.08640627326387347,0.25,source_only,20,3,homophily_shift
0.8606060606060606,False,0.08545722365379335,0.25,source_only,25,3,homophily_shift
0.8606060606060606,True,0.08521479941136911,0.25,source_only,25,3,homophily_shift
0.8545454545454545,False,0.046150415232687286,0.25,full_method,5,3,homophily_shift
0.8545454545454545,True,0.04493829402056607,0.25,full_method,5,3,homophily_shift
0.8545454545454545,False,0.08507150032303551,0.25,full_method,10,3,homophily_shift
0.8545454545454545,True,0.0844654397169749,0.25,full_method,10,3,homophily_shift
0.8545454545454545,False,0.07792479215246262,0.25,full_method,15,3,homophily_shift
0.8545454545454545,True,0.07752075174842221,0.25,full_method,15,3,homophily_shift
0.8545454545454545,False,0.0850715165788477,0.25,full_method,20,3,homophily_shift
0.8545454545454545,True,0.0847684862758174,0.25,full_method,20,3,homophily_shift
0.8545454545454545,False,0.08810004880934053,0.25,full_method,25,3,homophily_shift
0.8545454545454545,True,0.08785762456691629,0.25,full_method,25,3,homophily_shift
0.6181818181818182,False,0.1412999042958924,0.5,source_only,5,3,homophily_shift
0.6181818181818182,True,0.14008778308377118,0.5,source_only,5,3,homophily_shift
0.6181818181818182,False,0.1522088717330586,0.5,source_only,10,3,homophily_shift
0.6181818181818182,True,0.151602811126998,0.5,source_only,10,3,homophily_shift
0.6181818181818182,False,0.14566540916760765,0.5,source_only,15,3,homophily_shift
0.6181818181818182,True,0.14526136876356724,0.5,source_only,15,3,homophily_shift
0.6181818181818182,False,0.1605079275189024,0.5,source_only,20,3,homophily_shift
0.6181818181818182,True,0.16020489721587208,0.5,source_only,20,3,homophily_shift
0.6181818181818182,False,0.1796931649699355,0.5,source_only,25,3,homophily_shift
0.6181818181818182,True,0.17945074072751127,0.5,source_only,25,3,homophily_shift
0.5333333333333333,False,0.31384143684849597,0.5,full_method,5,3,homophily_shift
0.5333333333333333,True,0.31262931563637475,0.5,full_method,5,3,homophily_shift
0.5333333333333333,False,0.33132878957372724,0.5,full_method,10,3,homophily_shift
0.5333333333333333,True,0.33072272896766663,0.5,full_method,10,3,homophily_shift
0.5333333333333333,False,0.31384157700972126,0.5,full_method,15,3,homophily_shift
0.5333333333333333,True,0.31343753660568086,0.5,full_method,15,3,homophily_shift
0.5333333333333333,False,0.33132888205123673,0.5,full_method,20,3,homophily_shift
0.5333333333333333,True,0.3310258517482064,0.5,full_method,20,3,homophily_shift
0.5333333333333333,False,0.31964620622721585,0.5,full_method,25,3,homophily_shift
0.5333333333333333,True,0.3194037819847916,0.5,full_method,25,3,homophily_shift
0.9696969696969697,False,0.01341897935578314,0.0,source_only,5,4,clean
0.9696969696969697,True,0.012206858143661927,0.0,source_only,5,4,clean
0.9696969696969697,False,0.018529719294923724,0.0,source_only,10,4,clean
0.9696969696969697,True,0.017923658688863118,0.0,source_only,10,4,clean
0.9696969696969697,False,0.019915607120051533,0.0,source_only,15,4,clean
0.9696969696969697,True,0.01951156671601113,0.0,source_only,15,4,clean
0.9696969696969697,False,0.020754672541762848,0.0,source_only,20,4,clean
0.9696969696969697,True,0.020451642238732547,0.0,source_only,20,4,clean
0.9696969696969697,False,0.02753628311735211,0.0,source_only,25,4,clean
0.9696969696969697,True,0.027293858874927867,0.0,source_only,25,4,clean
0.9696969696969697,False,0.017923627838943912,0.0,full_method,5,4,clean
0.9696969696969697,True,0.0167115066268227,0.0,full_method,5,4,clean
0.9696969696969697,False,0.024447950088616575,0.0,full_method,10,4,clean
0.9696969696969697,True,0.02384188948255597,0.0,full_method,10,4,clean
0.9696969696969697,False,0.025854624040199052,0.0,full_method,15,4,clean
0.9696969696969697,True,0.02545058363615865,0.0,full_method,15,4,clean
0.9696969696969697,False,0.029580617673469315,0.0,full_method,20,4,clean
0.9696969696969697,True,0.029277587370439014,0.0,full_method,20,4,clean
0.9696969696969697,False,0.02958056818355214,0.0,full_method,25,4,clean
0.9696969696969697,True,0.0293381439411279,0.0,full_method,25,4,clean
0.9818181818181818,False,0.008719045826883005,0.45,source_only,5,4,feature_noise
0.9818181818181818,True,0.007506924614761793,0.45,source_only,5,4,feature_noise
0.9818181818181818,False,0.008719055941610675,0.45,source_only,10,4,feature_noise
0.9818181818181818,True,0.008112995335550068,0.45,source_only,10,4,feature_noise
0.9818181818181818,False,0.015269717664429626,0.45,source_only,15,4,feature_noise
0.9818181818181818,True,0.014865677260389221,0.45,source_only,15,4,feature_noise
0.9818181818181818,False,0.024292033368890936,0.45,source_only,20,4,feature_noise
0.9818181818181818,True,0.023989003065860635,0.45,source_only,20,4,feature_noise
0.9818181818181818,False,0.02503535747528076,0.45,source_only,25,4,feature_noise
0.9818181818181818,True,0.02479293323285652,0.45,source_only,25,4,feature_noise
0.9818181818181818,False,0.008267399036523045,0.45,full_method,5,4,feature_noise
0.9818181818181818,True,0.007055277824401833,0.45,full_method,5,4,feature_noise
0.9818181818181818,False,0.00826742432334211,0.45,full_method,10,4,feature_noise
0.9818181818181818,True,0.007661363717281504,0.45,full_method,10,4,feature_noise
0.9818181818181818,False,0.01166995872150769,0.45,full_method,15,4,feature_noise
0.9818181818181818,True,0.011265918317467285,0.45,full_method,15,4,feature_noise
0.9818181818181818,False,0.021613191474567785,0.45,full_method,20,4,feature_noise
0.9818181818181818,True,0.021310161171537483,0.45,full_method,20,4,feature_noise
0.9818181818181818,False,0.02223467284982855,0.45,full_method,25,4,feature_noise
0.9818181818181818,True,0.021992248607404306,0.45,full_method,25,4,feature_noise
0.9636363636363636,False,0.013196555954037337,0.35,source_only,5,4,edge_drop
0.9636363636363636,True,0.011984434741916124,0.35,source_only,5,4,edge_drop
0.9636363636363636,False,0.01865092895247722,0.35,source_only,10,4,edge_drop
0.9636363636363636,True,0.018044868346416613,0.35,source_only,10,4,edge_drop
0.9636363636363636,False,0.02323429819309352,0.35,source_only,15,4,edge_drop
0.9636363636363636,True,0.022830257789053118,0.35,source_only,15,4,edge_drop
0.9636363636363636,False,0.02474499525445883,0.35,source_only,20,4,edge_drop
0.9636363636363636,True,0.02444196495142853,0.35,source_only,20,4,edge_drop
0.9636363636363636,False,0.029614882577549358,0.35,source_only,25,4,edge_drop
0.9636363636363636,True,0.029372458335125116,0.35,source_only,25,4,edge_drop
0.9636363636363636,False,0.013512104569059477,0.35,full_method,5,4,edge_drop
0.9636363636363636,True,0.012299983356938264,0.35,full_method,5,4,edge_drop
0.9636363636363636,False,0.016728778318925382,0.35,full_method,10,4,edge_drop
0.9636363636363636,True,0.016122717712864776,0.35,full_method,10,4,edge_drop
0.9636363636363636,False,0.03258658430793066,0.35,full_method,15,4,edge_drop
0.9636363636363636,True,0.032182543903890255,0.35,full_method,15,4,edge_drop
0.9636363636363636,False,0.03154966397718947,0.35,full_method,20,4,edge_drop
0.9636363636363636,True,0.031246633674159165,0.35,full_method,20,4,edge_drop
0.9636363636363636,False,0.03547060598026626,0.35,full_method,25,4,edge_drop
0.9636363636363636,True,0.035228181737842014,0.35,full_method,25,4,edge_drop
0.9515151515151515,False,0.016975850769967715,0.35,source_only,5,4,edge_add
0.9515151515151515,True,0.015763729557846502,0.35,source_only,5,4,edge_add
0.9515151515151515,False,0.022811122915961476,0.35,source_only,10,4,edge_add
0.9515151515151515,True,0.02220506230990087,0.35,source_only,10,4,edge_add
0.9515151515151515,False,0.03609902623927953,0.35,source_only,15,4,edge_add
0.9515151515151515,True,0.035694985835239126,0.35,source_only,15,4,edge_add
0.9515151515151515,False,0.032307742039362625,0.35,source_only,20,4,edge_add
0.9515151515151515,True,0.03200471173633232,0.35,source_only,20,4,edge_add
0.9515151515151515,False,0.03218826543201099,0.35,source_only,25,4,edge_add
0.9515151515151515,True,0.031945841189586745,0.35,source_only,25,4,edge_add
0.9515151515151515,False,0.012908167188817786,0.35,full_method,5,4,edge_add
0.9515151515151515,True,0.011696045976696573,0.35,full_method,5,4,edge_add
0.9515151515151515,False,0.020653639778946405,0.35,full_method,10,4,edge_add
0.9515151515151515,True,0.0200475791728858,0.35,full_method,10,4,edge_add
0.9515151515151515,False,0.022991425702066123,0.35,full_method,15,4,edge_add
0.9515151515151515,True,0.02258738529802572,0.35,full_method,15,4,edge_add
0.9515151515151515,False,0.02066764036814374,0.35,full_method,20,4,edge_add
0.9515151515151515,True,0.020364610065113437,0.35,full_method,20,4,edge_add
0.9515151515151515,False,0.024798901514573524,0.35,full_method,25,4,edge_add
0.9515151515151515,True,0.024556477272149282,0.35,full_method,25,4,edge_add
0.8484848484848485,False,0.03647653478564637,0.25,source_only,5,4,homophily_shift
0.8484848484848485,True,0.03526441357352516,0.25,source_only,5,4,homophily_shift
0.8484848484848485,False,0.03647653659184774,0.25,source_only,10,4,homophily_shift
0.8484848484848485,True,0.03587047598578714,0.25,source_only,10,4,homophily_shift
0.8484848484848485,False,0.06273771885669595,0.25,source_only,15,4,homophily_shift
0.8484848484848485,True,0.06233367845265554,0.25,source_only,15,4,homophily_shift
0.8484848484848485,False,0.054233130902955035,0.25,source_only,20,4,homophily_shift
0.8484848484848485,True,0.05393010059992473,0.25,source_only,20,4,homophily_shift
0.8484848484848485,False,0.05775928605686535,0.25,source_only,25,4,homophily_shift
0.8484848484848485,True,0.05751686181444111,0.25,source_only,25,4,homophily_shift
0.8424242424242424,False,0.047267323912996234,0.25,full_method,5,4,homophily_shift
0.8424242424242424,True,0.04605520270087502,0.25,full_method,5,4,homophily_shift
0.8424242424242424,False,0.06640708554874769,0.25,full_method,10,4,homophily_shift
0.8424242424242424,True,0.06580102494268708,0.25,full_method,10,4,homophily_shift
0.8424242424242424,False,0.06408464402863472,0.25,full_method,15,4,homophily_shift
0.8424242424242424,True,0.06368060362459431,0.25,full_method,15,4,homophily_shift
0.8424242424242424,False,0.07094230904723658,0.25,full_method,20,4,homophily_shift
0.8424242424242424,True,0.07063927874420628,0.25,full_method,20,4,homophily_shift
0.8424242424242424,False,0.07352181636925899,0.25,full_method,25,4,homophily_shift
0.8424242424242424,True,0.07327939212683475,0.25,full_method,25,4,homophily_shift
0.6606060606060606,False,0.11765403097326102,0.5,source_only,5,4,homophily_shift
0.6606060606060606,True,0.11644190976113981,0.5,source_only,5,4,homophily_shift
0.6606060606060606,False,0.13377984202269355,0.5,source_only,10,4,homophily_shift
0.6606060606060606,True,0.13317378141663294,0.5,source_only,10,4,homophily_shift
0.6606060606060606,False,0.13876262722593363,0.5,source_only,15,4,homophily_shift
0.6606060606060606,True,0.13835858682189323,0.5,source_only,15,4,homophily_shift
0.6606060606060606,False,0.15577090165831825,0.5,source_only,20,4,homophily_shift
0.6606060606060606,True,0.15546787135528795,0.5,source_only,20,4,homophily_shift
0.6606060606060606,False,0.18791974548137547,0.5,source_only,25,4,homophily_shift
0.6606060606060606,True,0.18767732123895123,0.5,source_only,25,4,homophily_shift
0.6181818181818182,False,0.1746496377569256,0.5,full_method,5,4,homophily_shift
0.6181818181818182,True,0.17343751654480438,0.5,full_method,5,4,homophily_shift
0.6181818181818182,False,0.19589518724065838,0.5,full_method,10,4,homophily_shift
0.6181818181818182,True,0.19528912663459777,0.5,full_method,10,4,homophily_shift
0.6181818181818182,False,0.18277475093350265,0.5,full_method,15,4,homophily_shift
0.6181818181818182,True,0.18237071052946224,0.5,full_method,15,4,homophily_shift
0.6181818181818182,False,0.19589520674763305,0.5,full_method,20,4,homophily_shift
0.6181818181818182,True,0.19559217644460275,0.5,full_method,20,4,homophily_shift
0.6181818181818182,False,0.2120044272957426,0.5,full_method,25,4,homophily_shift
0.6181818181818182,True,0.21176200305331835,0.5,full_method,25,4,homophily_shift
