accuracy,brier,cov_r_e,ece,intensity,mean_reliability,method,regime,runtime_seconds,seed,selected_fraction,shift
0.9818181818181818,0.023516955740602166,-0.007034447376969682,0.02173501361500133,0.0,0.4406873537155858,full_method,in_envelope,0.4795123999938369,0,0.39999999999999986,clean
0.9818181818181818,0.023577240630462258,-0.006367435945323021,0.021715800870548595,0.0,0.4442119520223388,no_confidence,in_envelope,0.48529949999647215,0,0.39999999999999986,clean
0.9818181818181818,0.0234214831022421,-0.007182115539426998,0.021694781924739028,0.0,0.44894239669992525,no_neighborhood_agreement,in_envelope,0.3653450999991037,0,0.39999999999999986,clean
0.9818181818181818,0.02351950370831017,-0.007035625784744514,0.021734619321245135,0.0,0.4408621118766943,no_structural_stability,in_envelope,0.27437850000569597,0,0.39999999999999986,clean
0.9818181818181818,0.023516953327674606,-0.007034447376969682,0.021735011086319433,0.0,0.4406874600173293,no_source_consistency,in_envelope,0.49200840000412427,0,0.39999999999999986,clean
0.9818181818181818,0.02354091446309168,-0.007033394389668191,0.02174571246811838,0.0,0.44244208616655784,no_degree_prior,in_envelope,0.515203199989628,0,0.39999999999999986,clean
0.9757575757575757,0.03310370473240181,-0.009684502853826745,0.022466742269920577,0.2,0.43757926925808843,full_method,in_envelope,0.5216595999954734,0,0.39999999999999986,feature_noise
0.9757575757575757,0.03306784532360314,-0.008945686879552297,0.024811149004733923,0.2,0.450717759129227,no_confidence,in_envelope,0.5071704000001773,0,0.39999999999999986,feature_noise
0.9757575757575757,0.03300383397408758,-0.00975930728195451,0.02244093670989528,0.2,0.4455575637154461,no_neighborhood_agreement,in_envelope,0.39448009998886846,0,0.39999999999999986,feature_noise
0.9757575757575757,0.033107573040182026,-0.009690636092978018,0.02246708039081458,0.2,0.43774137082821213,no_structural_stability,in_envelope,0.292512899992289,0,0.39999999999999986,feature_noise
0.9757575757575757,0.033103699120395555,-0.009684502853826745,0.022466635342800252,0.2,0.43757957471338843,no_source_consistency,in_envelope,0.5074268000025768,0,0.39999999999999986,feature_noise
0.9757575757575757,0.0331492183343008,-0.009684248296200298,0.022471069205891002,0.2,0.4392893563031173,no_degree_prior,in_envelope,0.5147135000152048,0,0.39999999999999986,feature_noise
0.9575757575757575,0.056883382424998984,-0.013023493793789892,0.025106721935850205,0.45,0.4292255552614046,full_method,in_envelope,0.6031140999984927,0,0.39999999999999986,feature_noise
0.9636363636363636,0.05633498817055578,-0.012046781485186514,0.03233930992357659,0.45,0.4448922114477912,no_confidence,in_envelope,0.6190795000002254,0,0.39999999999999986,feature_noise
0.9575757575757575,0.05674419732506144,-0.012497498163090762,0.0315514112963821,0.45,0.4339585316312281,no_neighborhood_agreement,in_envelope,0.4399483000161126,0,0.39999999999999986,feature_noise
0.9575757575757575,0.05688214257384372,-0.013055838622074777,0.02510527697476474,0.45,0.4295302931431969,no_structural_stability,in_envelope,0.3444477999873925,0,0.39999999999999986,feature_noise
0.9575757575757575,0.05688323294007688,-0.013023493793789892,0.025106821999405372,0.45,0.4292259707096481,no_source_consistency,in_envelope,0.6269412999972701,0,0.39999999999999986,feature_noise
0.9575757575757575,0.05702620691837026,-0.013010985638384556,0.02511726979053382,0.45,0.4313570401120613,no_degree_prior,in_envelope,0.5876059999864083,0,0.39999999999999986,feature_noise
0.9575757575757575,0.050895379032943694,-0.013772770391826273,0.01542972777829027,0.15,0.42958166040568874,full_method,in_envelope,0.5786146000027657,0,0.39999999999999986,edge_drop
0.9636363636363636,0.05079122597250654,-0.012285951057523814,0.018452703591549047,0.15,0.43351821868385204,no_confidence,in_envelope,0.5926960000069812,0,0.39999999999999986,edge_drop
0.9575757575757575,0.05080499314062573,-0.013647813282750491,0.01543632637370718,0.15,0.4310337959309724,no_neighborhood_agreement,in_envelope,0.4328938999969978,0,0.39999999999999986,edge_drop
0.9575757575757575,0.05089909033337689,-0.013742672691136467,0.015428923476826074,0.15,0.4297957497499538,no_structural_stability,in_envelope,0.34048620000248775,0,0.39999999999999986,edge_drop
0.9575757575757575,0.050895385767855766,-0.01377277039182627,0.015429729403871491,0.15,0.4295817893443531,no_source_consistency,in_envelope,0.6073332999949344,0,0.39999999999999986,edge_drop
0.9575757575757575,0.05093822533048999,-0.013622095909618312,0.015412760864604618,0.15,0.43030573344438494,no_degree_prior,in_envelope,0.5962916999997105,0,0.39999999999999986,edge_drop
0.9333333333333333,0.10330293720756795,-0.018821357528162164,0.04784220601573138,0.35,0.4241496760766765,full_method,in_envelope,0.5902363999921363,0,0.39999999999999986,edge_drop
0.9333333333333333,0.10375587870730596,-0.017436499232769107,0.045991346149733624,0.35,0.44049619944283236,no_confidence,in_envelope,0.5828276999818627,0,0.39999999999999986,edge_drop
0.9333333333333333,0.10325520814233562,-0.0172440877266609,0.04780455701278913,0.35,0.4300623624239012,no_neighborhood_agreement,in_envelope,0.37592880000011064,0,0.39999999999999986,edge_drop
0.9333333333333333,0.1033086657160381,-0.018998450148328315,0.04784616466724514,0.35,0.42450766648303123,no_structural_stability,in_envelope,0.32835950001026504,0,0.39999999999999986,edge_drop
0.9333333333333333,0.10330296720068767,-0.01882135752816216,0.04784222913510874,0.35,0.4241499472694442,no_source_consistency,in_envelope,0.547201400011545,0,0.39999999999999986,edge_drop
0.9333333333333333,0.10327569629408545,-0.018751110070150307,0.04782206795432346,0.35,0.43754817205810814,no_degree_prior,in_envelope,0.5734935999789741,0,0.39999999999999986,edge_drop
0.9575757575757575,0.04329319802556593,-0.010668275826260636,0.04914212064309554,0.15,0.42597780993581286,full_method,in_envelope,0.635381400003098,0,0.39999999999999986,edge_add
0.9575757575757575,0.04347842166190956,-0.008004945304849279,0.05250580274697505,0.15,0.43391488913521736,no_confidence,in_envelope,0.633880000008503,0,0.39999999999999986,edge_add
0.9575757575757575,0.04313711327873608,-0.010750204489290972,0.05227159984184034,0.15,0.4228845015341219,no_neighborhood_agreement,in_envelope,0.4727988000086043,0,0.39999999999999986,edge_add
0.9575757575757575,0.04329605896574996,-0.010689703861516563,0.04914555025823188,0.15,0.4263311461065864,no_structural_stability,in_envelope,0.35723110000253655,0,0.39999999999999986,edge_add
0.9575757575757575,0.04329312368423667,-0.010668275826260636,0.049142087408990565,0.15,0.4259787365405858,no_source_consistency,in_envelope,0.6152194000023883,0,0.39999999999999986,edge_add
0.9575757575757575,0.04332327012487784,-0.010634773950990342,0.049133425951004034,0.15,0.4240883119353327,no_degree_prior,in_envelope,0.6390643999911845,0,0.39999999999999986,edge_add
0.9636363636363636,0.06176413740308794,-0.015505624011930888,0.04912585598049742,0.35,0.4127310991670629,full_method,in_envelope,0.6294126999855507,0,0.39999999999999986,edge_add
0.9636363636363636,0.06140635680616382,-0.013326636821718604,0.04333347262758197,0.35,0.4343020077137897,no_confidence,in_envelope,0.578755499998806,0,0.39999999999999986,edge_add
0.9575757575757575,0.06173925657824074,-0.015190169750757562,0.04298870996995406,0.35,0.4083566104848293,no_neighborhood_agreement,in_envelope,0.48515960000804625,0,0.39999999999999986,edge_add
0.9636363636363636,0.06176433214635311,-0.01552217994677981,0.04912708455866033,0.35,0.4130564867317232,no_structural_stability,in_envelope,0.32437560000107624,0,0.39999999999999986,edge_add
0.9636363636363636,0.06176399994797869,-0.015505624011930888,0.04912584803321144,0.35,0.412734549035803,no_source_consistency,in_envelope,0.6303056000033394,0,0.39999999999999986,edge_add
0.9575757575757575,0.06188016244942908,-0.01548241312301969,0.043113602291453966,0.35,0.4137168768533592,no_degree_prior,in_envelope,0.6051536000159103,0,0.39999999999999986,edge_add
0.9818181818181818,0.023516955740602166,-0.007034447376969682,0.02173501361500133,0.35,0.4406873537155858,full_method,in_envelope,0.5960609999892768,0,0.39999999999999986,degree_shift
0.9818181818181818,0.023577240630462258,-0.006367435945323021,0.021715800870548595,0.35,0.4442119520223388,no_confidence,in_envelope,0.6019059999962337,0,0.39999999999999986,degree_shift
0.9818181818181818,0.0234214831022421,-0.007182115539426998,0.021694781924739028,0.35,0.44894239669992525,no_neighborhood_agreement,in_envelope,0.41167300002416596,0,0.39999999999999986,degree_shift
0.9818181818181818,0.02351950370831017,-0.007035625784744514,0.021734619321245135,0.35,0.4408621118766943,no_structural_stability,in_envelope,0.34662689999095164,0,0.39999999999999986,degree_shift
0.9818181818181818,0.023516953327674606,-0.007034447376969682,0.021735011086319433,0.35,0.4406874600173293,no_source_consistency,in_envelope,0.5854203999915626,0,0.39999999999999986,degree_shift
0.9818181818181818,0.02354091446309168,-0.007033394389668191,0.02174571246811838,0.35,0.44244208616655784,no_degree_prior,in_envelope,0.5404623999784235,0,0.39999999999999986,degree_shift
0.793939393939394,0.2702368254392362,-0.03556843664054661,0.08358790531302945,0.25,0.4030137308392377,full_method,boundary,0.6171059999905992,0,0.39999999999999986,homophily_shift
0.793939393939394,0.27449866390479677,-0.025193350819218086,0.08981297630252257,0.25,0.4541243467923382,no_confidence,boundary,0.5992777999781538,0,0.39999999999999986,homophily_shift
0.793939393939394,0.2697604113152086,-0.03338144230487686,0.09204117005521605,0.25,0.3820195499941595,no_neighborhood_agreement,boundary,0.4656987000198569,0,0.39999999999999986,homophily_shift
0.793939393939394,0.27023549814520176,-0.03565979522300372,0.08361797730127973,0.25,0.4039210137100829,no_structural_stability,boundary,0.3719130999816116,0,0.39999999999999986,homophily_shift
0.793939393939394,0.27024421539382354,-0.035568436640546604,0.08360006303498242,0.25,0.40304786752254024,no_source_consistency,boundary,0.625289999996312,0,0.39999999999999986,homophily_shift
0.793939393939394,0.2703152301952945,-0.03525317402600218,0.08365275534716524,0.25,0.4051210146039923,no_degree_prior,boundary,0.5983096999989357,0,0.39999999999999986,homophily_shift
0.5818181818181818,0.5907646209101806,-0.02900557324615053,0.21197653214136758,0.5,0.4353795418795077,full_method,out_envelope,0.5904074000136461,0,0.39999999999999986,homophily_shift
0.5575757575757576,0.6410250564404981,0.005968504357441191,0.26492596467336027,0.5,0.44451428837516843,no_confidence,out_envelope,0.6054793000221252,0,0.39999999999999986,homophily_shift
0.6,0.5840873233503211,-0.03362875862131778,0.1868897430824511,0.5,0.428702440889216,no_neighborhood_agreement,out_envelope,0.40419880000990815,0,0.39999999999999986,homophily_shift
0.5818181818181818,0.591019100873657,-0.028456588086376768,0.2119989655234597,0.5,0.43436553270277656,no_structural_stability,out_envelope,0.3521566000126768,0,0.39999999999999986,homophily_shift
0.5818181818181818,0.5908109565865327,-0.02900557324615053,0.21192180785265835,0.5,0.4352966917014183,no_source_consistency,out_envelope,0.5624160000006668,0,0.39999999999999986,homophily_shift
0.5818181818181818,0.589896360770598,-0.029121107996737533,0.21278425129977138,0.5,0.44167322111070195,no_degree_prior,out_envelope,0.6159088999847881,0,0.39999999999999986,homophily_shift
0.9696969696969697,0.04538636573189658,-0.006471862237624955,0.023495344682173326,0.0,0.43556903788162554,full_method,in_envelope,0.6092037000053097,1,0.39999999999999986,clean
0.9696969696969697,0.04521214693461484,-0.00489270719987579,0.016465388283585087,0.0,0.4416498992970647,no_confidence,in_envelope,0.5857977999839932,1,0.39999999999999986,clean
0.9696969696969697,0.04549745316668546,-0.007100529942036014,0.018586858836087343,0.0,0.43793365710153764,no_neighborhood_agreement,in_envelope,0.4692327000084333,1,0.39999999999999986,clean
0.9696969696969697,0.045384237832501416,-0.0064842080496877825,0.023496749184348402,0.0,0.43556834169511927,no_structural_stability,in_envelope,0.3625398999720346,1,0.39999999999999986,clean
0.9696969696969697,0.045386375001586855,-0.006471862237624957,0.023495357325582823,0.0,0.4355687706960663,no_source_consistency,in_envelope,0.628913399996236,1,0.39999999999999986,clean
0.9696969696969697,0.04536786645262099,-0.00609222156353839,0.023494561874505278,0.0,0.4300684230035341,no_degree_prior,in_envelope,0.6463936000072863,1,0.39999999999999986,clean
0.9636363636363636,0.05658296393194528,-0.010818177130274461,0.029224358905445485,0.2,0.4405059319264892,full_method,in_envelope,0.6411293999990448,1,0.39999999999999986,feature_noise
0.9636363636363636,0.0564513658323411,-0.008615104855716628,0.029085196870746073,0.2,0.44325148293284455,no_confidence,in_envelope,0.6447184999997262,1,0.39999999999999986,feature_noise
0.9636363636363636,0.05673608110381214,-0.010548047116723377,0.029260389732592075,0.2,0.4304686293058618,no_neighborhood_agreement,in_envelope,0.4418459999724291,1,0.39999999999999986,feature_noise
0.9636363636363636,0.05657876896617191,-0.010930215460936228,0.029224714004632238,0.2,0.44100388625287895,no_structural_stability,in_envelope,0.3079250000009779,1,0.39999999999999986,feature_noise
0.9636363636363636,0.05658293693650711,-0.010818177130274461,0.029224324587619706,0.2,0.4405066288231033,no_source_consistency,in_envelope,0.5237106000131462,1,0.39999999999999986,feature_noise
0.9636363636363636,0.056553186992656594,-0.010369773953391639,0.02921115918592977,0.2,0.4358546771190387,no_degree_prior,in_envelope,0.5520147000206634,1,0.39999999999999986,feature_noise
0.9515151515151515,0.08436968449655982,-0.017128198856648607,0.039233519814231156,0.45,0.4261584741896568,full_method,in_envelope,0.6115138000168372,1,0.39999999999999986,feature_noise
0.9575757575757575,0.08245085688911527,-0.018182390948136583,0.047525390350457365,0.45,0.44685196404418576,no_confidence,in_envelope,0.6090186999936122,1,0.39999999999999986,feature_noise
0.9515151515151515,0.08470809693708624,-0.014097272137457314,0.039188116969484245,0.45,0.42118705362387937,no_neighborhood_agreement,in_envelope,0.4310821999970358,1,0.39999999999999986,feature_noise
0.9515151515151515,0.08435454651284693,-0.017323331628278007,0.03923634326819215,0.45,0.4262931963129494,no_structural_stability,in_envelope,0.350431099999696,1,0.39999999999999986,feature_noise
0.9515151515151515,0.08436599124419035,-0.017128198856648603,0.039233963417284384,0.45,0.4261731596352482,no_source_consistency,in_envelope,0.6758682999934535,1,0.39999999999999986,feature_noise
0.9515151515151515,0.08443238189835589,-0.016960514698019614,0.03922330393935693,0.45,0.42311400438902425,no_degree_prior,in_envelope,0.6933877000119537,1,0.39999999999999986,feature_noise
0.9454545454545454,0.08762201064848697,-0.011687123903853574,0.03476001620292668,0.15,0.4319729235854057,full_method,in_envelope,0.6546272000123281,1,0.39999999999999986,edge_drop
0.9515151515151515,0.087909656596233,-0.009998828365662887,0.040823316754716864,0.15,0.44089869676820814,no_confidence,in_envelope,0.6597515000030398,1,0.39999999999999986,edge_drop
0.9454545454545454,0.08761944496445599,-0.011428855385138952,0.034798770239858966,0.15,0.4259540613301391,no_neighborhood_agreement,in_envelope,0.4687345000274945,1,0.39999999999999986,edge_drop
0.9454545454545454,0.08761058461984485,-0.011780709489012298,0.0347571188753302,0.15,0.43254023366665906,no_structural_stability,in_envelope,0.37492740000016056,1,0.39999999999999986,edge_drop
0.9454545454545454,0.08762210176635482,-0.011687123903853574,0.03476008176803594,0.15,0.4319732974520801,no_source_consistency,in_envelope,0.6323626000084914,1,0.39999999999999986,edge_drop
0.9454545454545454,0.08747067986352781,-0.011440049471175393,0.03473295009497445,0.15,0.4369378906938012,no_degree_prior,in_envelope,0.6944037999783177,1,0.39999999999999986,edge_drop
0.9212121212121213,0.1292453367258545,-0.016381864220457103,0.05488702456156409,0.35,0.4215180450645291,full_method,in_envelope,0.6814229000010528,1,0.39999999999999986,edge_drop
0.9212121212121213,0.12932187959871094,-0.013457007231211784,0.04370500282807788,0.35,0.4315390119419803,no_confidence,in_envelope,0.6740151999983937,1,0.39999999999999986,edge_drop
0.9212121212121213,0.1292624536158769,-0.01401330317581345,0.0516602575778961,0.35,0.41751744405797875,no_neighborhood_agreement,in_envelope,0.47581890001310967,1,0.39999999999999986,edge_drop
0.9212121212121213,0.1292329475229564,-0.01664221942768119,0.05345455137166108,0.35,0.4219485683227827,no_structural_stability,in_envelope,0.3975566000153776,1,0.39999999999999986,edge_drop
0.9212121212121213,0.1292452911034922,-0.016381864220457107,0.05488705382202609,0.35,0.42151839210606384,no_source_consistency,in_envelope,0.632297500007553,1,0.39999999999999986,edge_drop
0.9212121212121213,0.12925866544419215,-0.015776469224647118,0.053452494830796185,0.35,0.41813473632308834,no_degree_prior,in_envelope,0.6664526000095066,1,0.39999999999999986,edge_drop
0.9454545454545454,0.07634329491954893,-0.01710920214396982,0.030161634719732995,0.15,0.4190012058670628,full_method,in_envelope,0.6763930000015534,1,0.39999999999999986,edge_add
0.9454545454545454,0.07640743848001386,-0.014055882926657695,0.030040084593223788,0.15,0.45403031782114894,no_confidence,in_envelope,0.6626681000052486,1,0.39999999999999986,edge_add
0.9454545454545454,0.0762456934147499,-0.016662885736364173,0.030068005576278183,0.15,0.41124974364691674,no_neighborhood_agreement,in_envelope,0.4894778000016231,1,0.39999999999999986,edge_add
0.9454545454545454,0.07634705728520354,-0.01713778333681357,0.030163201418789937,0.15,0.4194491867262824,no_structural_stability,in_envelope,0.38248529998236336,1,0.39999999999999986,edge_add
0.9454545454545454,0.0763431512592678,-0.01710920214396982,0.030161648085623036,0.15,0.41900122887157454,no_source_consistency,in_envelope,0.6693496000079904,1,0.39999999999999986,edge_add
0.9454545454545454,0.07634390900953487,-0.016942294139439103,0.03017269391002076,0.15,0.421278343236166,no_degree_prior,in_envelope,0.7152239000133704,1,0.39999999999999986,edge_add
0.9272727272727272,0.1047257320982628,-0.02315937430149292,0.042285579262357764,0.35,0.405192253264082,full_method,in_envelope,0.7077458999992814,1,0.39999999999999986,edge_add
0.9212121212121213,0.10341658281795557,-0.020751807370066197,0.035032990123286395,0.35,0.45358348588691355,no_confidence,in_envelope,0.678476499975659,1,0.39999999999999986,edge_add
0.9272727272727272,0.10490404542588212,-0.021678325551758807,0.045376736467534845,0.35,0.3832902838378025,no_neighborhood_agreement,in_envelope,0.5246231999772135,1,0.39999999999999986,edge_add
0.9272727272727272,0.10473207126684458,-0.02323077677568657,0.0422885977860653,0.35,0.40530938264896954,no_structural_stability,in_envelope,0.3860537000000477,1,0.39999999999999986,edge_add
0.9272727272727272,0.10472460276458193,-0.02315937430149292,0.0422853076096737,0.35,0.4051953271565795,no_source_consistency,in_envelope,0.6897664999996778,1,0.39999999999999986,edge_add
0.9272727272727272,0.1047299118105403,-0.023197387636709754,0.04227771000428633,0.35,0.4085433162658765,no_degree_prior,in_envelope,0.7841010999982245,1,0.39999999999999986,edge_add
0.9696969696969697,0.04538636573189658,-0.006471862237624955,0.023495344682173326,0.35,0.43556903788162554,full_method,in_envelope,0.7350615999894217,1,0.39999999999999986,degree_shift
0.9696969696969697,0.04521214693461484,-0.00489270719987579,0.016465388283585087,0.35,0.4416498992970647,no_confidence,in_envelope,0.6425520000047982,1,0.39999999999999986,degree_shift
0.9696969696969697,0.04549745316668546,-0.007100529942036014,0.018586858836087343,0.35,0.43793365710153764,no_neighborhood_agreement,in_envelope,0.47212749999016523,1,0.39999999999999986,degree_shift
0.9696969696969697,0.045384237832501416,-0.0064842080496877825,0.023496749184348402,0.35,0.43556834169511927,no_structural_stability,in_envelope,0.3801035999786109,1,0.39999999999999986,degree_shift
0.9696969696969697,0.045386375001586855,-0.006471862237624957,0.023495357325582823,0.35,0.4355687706960663,no_source_consistency,in_envelope,0.6590147000097204,1,0.39999999999999986,degree_shift
0.9696969696969697,0.04536786645262099,-0.00609222156353839,0.023494561874505278,0.35,0.4300684230035341,no_degree_prior,in_envelope,0.6957133999967482,1,0.39999999999999986,degree_shift
0.806060606060606,0.2904593086402203,-0.0326032176115588,0.09357215075781855,0.25,0.39368781925569324,full_method,boundary,0.6808302999997977,1,0.39999999999999986,homophily_shift
0.793939393939394,0.29227452853220465,-0.022524452344646683,0.0991982402223529,0.25,0.4508308548331994,no_confidence,boundary,0.6716524999937974,1,0.39999999999999986,homophily_shift
0.8,0.29041074376924647,-0.030937949510751427,0.07965659499168395,0.25,0.3755097408196198,no_neighborhood_agreement,boundary,0.473335099988617,1,0.39999999999999986,homophily_shift
0.806060606060606,0.2904728435989282,-0.032698159306920535,0.09363658428192141,0.25,0.394491766692033,no_structural_stability,boundary,0.383456900017336,1,0.39999999999999986,homophily_shift
0.806060606060606,0.290460380605926,-0.03260321761155881,0.09357414191419432,0.25,0.39369579908342905,no_source_consistency,boundary,0.7062448000069708,1,0.39999999999999986,homophily_shift
0.806060606060606,0.2904272879379514,-0.03212904282972545,0.09767442526239337,0.25,0.39162824432261567,no_degree_prior,boundary,0.6573355000000447,1,0.39999999999999986,homophily_shift
0.6060606060606061,0.581920826941192,-0.03586488487200408,0.19831696875167615,0.5,0.4187366412584677,full_method,out_envelope,0.7018858999945223,1,0.39999999999999986,homophily_shift
0.6,0.5936825337387999,0.0012846017739796905,0.2060715919191187,0.5,0.44252418428324597,no_confidence,out_envelope,0.6616328999807592,1,0.39999999999999986,homophily_shift
0.6121212121212121,0.5770494458222354,-0.036730565712035264,0.19489587689891008,0.5,0.4166794033449784,no_neighborhood_agreement,out_envelope,0.47961290000239387,1,0.39999999999999986,homophily_shift
0.6,0.582349617173069,-0.03576243545559778,0.20441157402414264,0.5,0.41835447008948157,no_structural_stability,out_envelope,0.392971099994611,1,0.39999999999999986,homophily_shift
0.6,0.5822668434375001,-0.035864884872004066,0.20439385031208845,0.5,0.41910881578047615,no_source_consistency,out_envelope,0.6790643999993335,1,0.39999999999999986,homophily_shift
0.6060606060606061,0.5819712348866738,-0.03629585785147834,0.19831908652276703,0.5,0.42153848749065187,no_degree_prior,out_envelope,0.7202457000094,1,0.39999999999999986,homophily_shift
0.9878787878787879,0.01424470428678532,-0.004340711756250096,0.012209255767591073,0.0,0.4400420369018885,full_method,in_envelope,0.6600525999965612,2,0.39999999999999986,clean
0.9878787878787879,0.014246354156073626,-0.0036145254804771667,0.014678399490587638,0.0,0.44902004825515535,no_confidence,in_envelope,0.6611317999777384,2,0.39999999999999986,clean
0.9878787878787879,0.014194234814201342,-0.004471626243367817,0.012180161837375525,0.0,0.45185372133528373,no_neighborhood_agreement,in_envelope,0.46508470000117086,2,0.39999999999999986,clean
0.9878787878787879,0.01424517623974815,-0.004346145373550042,0.012207941936724115,0.0,0.44026772506023065,no_structural_stability,in_envelope,0.3943213000020478,2,0.39999999999999986,clean
0.9878787878787879,0.014244700514020162,-0.004340711756250095,0.0122092655210784,0.0,0.44004158434856716,no_source_consistency,in_envelope,0.6716502000053879,2,0.39999999999999986,clean
0.9878787878787879,0.014247982162912396,-0.004347819261854091,0.012190842267238731,0.0,0.4409809653839901,no_degree_prior,in_envelope,0.7102974999870639,2,0.39999999999999986,clean
0.9878787878787879,0.01385825398228362,-0.005781019066245853,0.01716732003472068,0.2,0.4419834806569431,full_method,in_envelope,0.7084675999940373,2,0.39999999999999986,feature_noise
0.9878787878787879,0.013898182951762003,-0.005010185771719115,0.017137705557274098,0.2,0.44738645594779924,no_confidence,in_envelope,0.7319000999850687,2,0.39999999999999986,feature_noise
0.9878787878787879,0.013832949139243576,-0.005927670583718815,0.017135354966828317,0.2,0.4550819107973499,no_neighborhood_agreement,in_envelope,0.5454497000027914,2,0.39999999999999986,feature_noise
0.9878787878787879,0.01385860254190197,-0.005779780744111267,0.017168514656298088,0.2,0.4421445005856953,no_structural_stability,in_envelope,0.4395688999793492,2,0.39999999999999986,feature_noise
0.9878787878787879,0.013858255565032325,-0.005781019066245853,0.01716732003472068,0.2,0.44198325105962216,no_source_consistency,in_envelope,0.786888300004648,2,0.39999999999999986,feature_noise
0.9878787878787879,0.013850191658681984,-0.0058110964075561156,0.017171933434226298,0.2,0.4434689383668488,no_degree_prior,in_envelope,0.7484777999925427,2,0.39999999999999986,feature_noise
0.9939393939393939,0.0155482893010437,-0.005363643433642115,0.01808499964800748,0.45,0.4401431744681374,full_method,in_envelope,0.7713199999998324,2,0.39999999999999986,feature_noise
0.9939393939393939,0.015611635042362983,-0.005218664309549306,0.01808172789486972,0.45,0.44930597369806524,no_confidence,in_envelope,0.7725304000196047,2,0.39999999999999986,feature_noise
0.9939393939393939,0.015531864129597157,-0.0048860887276082066,0.01806940779541478,0.45,0.450101670535985,no_neighborhood_agreement,in_envelope,0.52223140001297,2,0.39999999999999986,feature_noise
0.9939393939393939,0.015549803779863659,-0.00530915248569304,0.01808436531009096,0.45,0.4401719247161679,no_structural_stability,in_envelope,0.41335620000609197,2,0.39999999999999986,feature_noise
0.9939393939393939,0.015548296101929322,-0.005363643433642115,0.018084916562745065,0.45,0.44014248310238185,no_source_consistency,in_envelope,0.7392931999929715,2,0.39999999999999986,feature_noise
0.9939393939393939,0.015546849907426035,-0.005448486323196535,0.01969962011684071,0.45,0.44617089796804615,no_degree_prior,in_envelope,0.7140086999861524,2,0.39999999999999986,feature_noise
0.9757575757575757,0.030477130356655526,-0.007854345791564531,0.0267733942378651,0.15,0.42681622495937116,full_method,in_envelope,0.7203441000019666,2,0.39999999999999986,edge_drop
0.9696969696969697,0.03060150636545218,-0.006454017509103129,0.026698519966819073,0.15,0.4244655596048361,no_confidence,in_envelope,0.6642330999893602,2,0.39999999999999986,edge_drop
0.9696969696969697,0.03055135347637773,-0.008017905918491875,0.02670170104864872,0.15,0.44323325999596525,no_neighborhood_agreement,in_envelope,0.4971889999869745,2,0.39999999999999986,edge_drop
0.9757575757575757,0.030473363242764017,-0.00783956289756363,0.02677643010110566,0.15,0.42656426805916925,no_structural_stability,in_envelope,0.3993248999759089,2,0.39999999999999986,edge_drop
0.9757575757575757,0.030477169413048507,-0.007854345791564533,0.02677338376189723,0.15,0.42681579480803433,no_source_consistency,in_envelope,0.6796646000002511,2,0.39999999999999986,edge_drop
0.9757575757575757,0.030458145633158306,-0.007979614746110114,0.026785154053659152,0.15,0.4346349356547786,no_degree_prior,in_envelope,0.6972565999894869,2,0.39999999999999986,edge_drop
0.9636363636363636,0.050549120772792534,-0.012346711346279349,0.025039768580234413,0.35,0.43313144553233457,full_method,in_envelope,0.7108704999845941,2,0.39999999999999986,edge_drop
0.9636363636363636,0.050162894296886494,-0.011071780440191257,0.02337704499562581,0.35,0.44222426710695134,no_confidence,in_envelope,0.6429293000255711,2,0.39999999999999986,edge_drop
0.9636363636363636,0.050560909616126394,-0.011733927842221456,0.025043712240276916,0.35,0.44417339768961345,no_neighborhood_agreement,in_envelope,0.49500980001175776,2,0.39999999999999986,edge_drop
0.9636363636363636,0.05055732445267299,-0.012343297715991386,0.025040497924342296,0.35,0.43346396623466227,no_structural_stability,in_envelope,0.35647110000718385,2,0.39999999999999986,edge_drop
0.9636363636363636,0.05054908969783777,-0.012346711346279349,0.02503976063294844,0.35,0.43313149145277835,no_source_consistency,in_envelope,0.6479350000154227,2,0.39999999999999986,edge_drop
0.9636363636363636,0.0506804277441408,-0.012336925151838294,0.025058349696072662,0.35,0.43190018097765387,no_degree_prior,in_envelope,0.6810956999834161,2,0.39999999999999986,edge_drop
0.9696969696969697,0.033973654109167695,-0.009550229483980458,0.03128826293078336,0.15,0.4319688244233991,full_method,in_envelope,0.6717789000249468,2,0.39999999999999986,edge_add
0.9696969696969697,0.03389731280947244,-0.006620964591560383,0.031411833112890065,0.15,0.4465987904750702,no_confidence,in_envelope,0.7493736000033095,2,0.39999999999999986,edge_add
0.9696969696969697,0.03401353692234675,-0.009670687259085807,0.03123419176448475,0.15,0.4310290612177362,no_neighborhood_agreement,in_envelope,0.5117135999898892,2,0.39999999999999986,edge_add
0.9696969696969697,0.03397524844454196,-0.009563160755491925,0.031288675105932987,0.15,0.43215336014077343,no_structural_stability,in_envelope,0.3956504999950994,2,0.39999999999999986,edge_add
0.9696969696969697,0.033973659268377504,-0.009550229483980448,0.031288270155588785,0.15,0.4319691111311211,no_source_consistency,in_envelope,0.6749137999722734,2,0.39999999999999986,edge_add
0.9696969696969697,0.03399474230577954,-0.009568441807385862,0.031263688116362605,0.15,0.4332595487217493,no_degree_prior,in_envelope,0.6920017000229564,2,0.39999999999999986,edge_add
0.9696969696969697,0.04795132799240539,-0.013309308766190076,0.0450417955716451,0.35,0.4145793180400791,full_method,in_envelope,0.7499127000046428,2,0.39999999999999986,edge_add
0.9757575757575757,0.04754155213641444,-0.010289603674410518,0.04638603203224413,0.35,0.44733510134130505,no_confidence,in_envelope,0.7169298000226263,2,0.39999999999999986,edge_add
0.9757575757575757,0.04775191519910458,-0.013010634598011517,0.04653507055658283,0.35,0.4040662950515562,no_neighborhood_agreement,in_envelope,0.48960400000214577,2,0.39999999999999986,edge_add
0.9696969696969697,0.0479416717345764,-0.013347547798740622,0.04503624403115475,0.35,0.4148192940891068,no_structural_stability,in_envelope,0.40286199998809025,2,0.39999999999999986,edge_add
0.9696969696969697,0.0479507048600136,-0.013309308766190077,0.04504144065307849,0.35,0.4145808874091926,no_source_consistency,in_envelope,0.6845735000097193,2,0.39999999999999986,edge_add
0.9696969696969697,0.047916885043284015,-0.013368051403690092,0.04501420891646183,0.35,0.4177313246388588,no_degree_prior,in_envelope,0.743934199999785,2,0.39999999999999986,edge_add
0.9878787878787879,0.01424470428678532,-0.004340711756250096,0.012209255767591073,0.35,0.4400420369018885,full_method,in_envelope,0.721315400005551,2,0.39999999999999986,degree_shift
0.9878787878787879,0.014246354156073626,-0.0036145254804771667,0.014678399490587638,0.35,0.44902004825515535,no_confidence,in_envelope,0.6620739000209142,2,0.39999999999999986,degree_shift
0.9878787878787879,0.014194234814201342,-0.004471626243367817,0.012180161837375525,0.35,0.45185372133528373,no_neighborhood_agreement,in_envelope,0.4649457999912556,2,0.39999999999999986,degree_shift
0.9878787878787879,0.01424517623974815,-0.004346145373550042,0.012207941936724115,0.35,0.44026772506023065,no_structural_stability,in_envelope,0.37853489999542944,2,0.39999999999999986,degree_shift
0.9878787878787879,0.014244700514020162,-0.004340711756250095,0.0122092655210784,0.35,0.44004158434856716,no_source_consistency,in_envelope,0.6535379000124522,2,0.39999999999999986,degree_shift
0.9878787878787879,0.014247982162912396,-0.004347819261854091,0.012190842267238731,0.35,0.4409809653839901,no_degree_prior,in_envelope,0.6843934000062291,2,0.39999999999999986,degree_shift
0.896969696969697,0.18491925801352277,-0.02459296244973253,0.06497973853891546,0.25,0.40591835236700974,full_method,boundary,0.6715385999996215,2,0.39999999999999986,homophily_shift
0.8787878787878788,0.18669631275706763,-0.02011963009856756,0.03835859389016122,0.25,0.451361252996127,no_confidence,boundary,0.6542437000025529,2,0.39999999999999986,homophily_shift
0.8909090909090909,0.1850662366173386,-0.022668905556762348,0.051831741766496124,0.25,0.3857680480813249,no_neighborhood_agreement,boundary,0.48886849998962134,2,0.39999999999999986,homophily_shift
0.896969696969697,0.18493207710936607,-0.024702184423357143,0.0657731269345139,0.25,0.4074509690809446,no_structural_stability,boundary,0.38735629999428056,2,0.39999999999999986,homophily_shift
0.896969696969697,0.1849191626865466,-0.024592962449732525,0.06497852242354192,0.25,0.4059185464936741,no_source_consistency,boundary,0.6615702999988571,2,0.39999999999999986,homophily_shift
0.896969696969697,0.18493443999289477,-0.024281354116645684,0.06816742691126736,0.25,0.40567488267545626,no_degree_prior,boundary,0.6873304999899119,2,0.39999999999999986,homophily_shift
0.5272727272727272,0.722686374488853,-0.03245305466716132,0.30971933368480564,0.5,0.4305884463641457,full_method,out_envelope,0.6503160999855027,2,0.39999999999999986,homophily_shift
0.4666666666666667,0.8593093087856774,0.004760389422024126,0.41707866769848445,0.5,0.42451772126513493,no_confidence,out_envelope,0.7694107000133954,2,0.39999999999999986,homophily_shift
0.5393939393939394,0.6559808562941566,-0.03680051452525826,0.2564627147082127,0.5,0.42586450168927104,no_neighborhood_agreement,out_envelope,0.5062925000092946,2,0.39999999999999986,homophily_shift
0.5272727272727272,0.7230203520093491,-0.03212962321417689,0.30982482451381105,0.5,0.43058197593382413,no_structural_stability,out_envelope,0.39282519998960197,2,0.39999999999999986,homophily_shift
0.5272727272727272,0.7305917711292791,-0.032453054667161314,0.31256983442740005,0.5,0.42909479225936226,no_source_consistency,out_envelope,0.6913929000147618,2,0.39999999999999986,homophily_shift
0.5272727272727272,0.7163863382068588,-0.03246259807756283,0.293988240848888,0.5,0.431368692420277,no_degree_prior,out_envelope,0.6919190000044182,2,0.39999999999999986,homophily_shift
0.9818181818181818,0.02686011194479552,-0.00402573405584878,0.017448689359607118,0.0,0.42134183977456097,full_method,in_envelope,0.6943677999952342,3,0.39999999999999986,clean
0.9818181818181818,0.026756009680600275,-0.0033644263391463406,0.014122170390504785,0.0,0.41612448011062536,no_confidence,in_envelope,0.6821595999936108,3,0.39999999999999986,clean
0.9818181818181818,0.026871252903531304,-0.00415403816380695,0.01620916597770922,0.0,0.4374493625525933,no_neighborhood_agreement,in_envelope,0.5260675000026822,3,0.39999999999999986,clean
0.9818181818181818,0.026860992561299427,-0.00404205248226625,0.017449081666541823,0.0,0.42090138757220935,no_structural_stability,in_envelope,0.39286160000483505,3,0.39999999999999986,clean
0.9818181818181818,0.026860110048024043,-0.00402573405584878,0.017448691165808473,0.0,0.4213417223704763,no_source_consistency,in_envelope,0.6475623000005726,3,0.39999999999999986,clean
0.9818181818181818,0.026857516430195242,-0.004115816011404007,0.01744847044800267,0.0,0.4330346873805306,no_degree_prior,in_envelope,0.6545526999980211,3,0.39999999999999986,clean
0.9818181818181818,0.027126576937793512,-0.004058181073342916,0.0185226068352208,0.2,0.4227989657421464,full_method,in_envelope,0.6703171000117436,3,0.39999999999999986,feature_noise
0.9818181818181818,0.026983516554704254,-0.0033664098709824852,0.01990035085967093,0.2,0.41770555537628157,no_confidence,in_envelope,0.6327193999895826,3,0.39999999999999986,feature_noise
0.9818181818181818,0.027123923360658844,-0.00418697153345721,0.025777673721313475,0.2,0.43766408281710373,no_neighborhood_agreement,in_envelope,0.4731696000089869,3,0.39999999999999986,feature_noise
0.9818181818181818,0.027127776406985764,-0.004071850469753133,0.018524308999379475,0.2,0.422443466293555,no_structural_stability,in_envelope,0.41094580001663417,3,0.39999999999999986,feature_noise
0.9818181818181818,0.027126564883912296,-0.004058181073342916,0.01852259310809049,0.2,0.42279830048649014,no_source_consistency,in_envelope,0.6464636999880895,3,0.39999999999999986,feature_noise
0.9818181818181818,0.02712285064317162,-0.004143675541140625,0.020109188195430866,0.2,0.4339726090672718,no_degree_prior,in_envelope,0.683179800020298,3,0.39999999999999986,feature_noise
0.9757575757575757,0.03523119458389913,-0.005425203556095972,0.02365248582579873,0.45,0.4270271806982689,full_method,in_envelope,0.6672367000137456,3,0.39999999999999986,feature_noise
0.9757575757575757,0.0348910594656436,-0.004780633757209261,0.022836069446621518,0.45,0.4214569454800393,no_confidence,in_envelope,0.6893918999994639,3,0.39999999999999986,feature_noise
0.9757575757575757,0.03525237743677749,-0.005559549784138711,0.02367018768281648,0.45,0.4375405076500748,no_neighborhood_agreement,in_envelope,0.4877003000001423,3,0.39999999999999986,feature_noise
0.9757575757575757,0.035230556447069586,-0.00544224266359799,0.023653979554320827,0.45,0.42675564016414086,no_structural_stability,in_envelope,0.38262140000006184,3,0.39999999999999986,feature_noise
0.9757575757575757,0.03523110183965965,-0.005425203556095972,0.023652330131241774,0.45,0.4270267131869224,no_source_consistency,in_envelope,0.6711562999989837,3,0.39999999999999986,feature_noise
0.9757575757575757,0.035236153660942196,-0.005512910361553123,0.02364003423488501,0.45,0.4341087074306819,no_degree_prior,in_envelope,0.6605359000095632,3,0.39999999999999986,feature_noise
0.9818181818181818,0.027997630200493423,-0.00778639495782108,0.013831739714651401,0.15,0.425704069923719,full_method,in_envelope,0.6451156999974046,3,0.39999999999999986,edge_drop
0.9818181818181818,0.027940250779955548,-0.005548378591961576,0.016457152366638188,0.15,0.43278315069282064,no_confidence,in_envelope,0.6706262999796309,3,0.39999999999999986,edge_drop
0.9818181818181818,0.027996866136887122,-0.008189856901500306,0.011356747511661415,0.15,0.43798242583110275,no_neighborhood_agreement,in_envelope,0.46439310000278056,3,0.39999999999999986,edge_drop
0.9818181818181818,0.027999034465452186,-0.007773670941656746,0.013828319130521835,0.15,0.425750332361353,no_structural_stability,in_envelope,0.3732175000186544,3,0.39999999999999986,edge_drop
0.9818181818181818,0.027997629285676298,-0.00778639495782108,0.013831739353411128,0.15,0.42570417415141015,no_source_consistency,in_envelope,0.6529183000093326,3,0.39999999999999986,edge_drop
0.9818181818181818,0.027994471597839143,-0.0077894641396375735,0.013846976106817076,0.15,0.4313265595159049,no_degree_prior,in_envelope,0.6806492000177968,3,0.39999999999999986,edge_drop
0.9515151515151515,0.07652322865571165,-0.014536679938553575,0.036171140092791904,0.35,0.42431259409726496,full_method,in_envelope,0.6422717999957968,3,0.39999999999999986,edge_drop
0.9515151515151515,0.07716038657558894,-0.011553619097198903,0.03655238837906806,0.35,0.4295423912871,no_confidence,in_envelope,0.6978839000221342,3,0.39999999999999986,edge_drop
0.9515151515151515,0.0762107745564327,-0.015078600575565943,0.03521330826210252,0.35,0.4378273218262279,no_neighborhood_agreement,in_envelope,0.4362311000004411,3,0.39999999999999986,edge_drop
0.9515151515151515,0.07651281248020524,-0.014556709308602585,0.03616325457890826,0.35,0.42419314158585114,no_structural_stability,in_envelope,0.36194780000369065,3,0.39999999999999986,edge_drop
0.9515151515151515,0.07652338352524547,-0.014536679938553572,0.036171228235418115,0.35,0.42431277456639266,no_source_consistency,in_envelope,0.6632245000218973,3,0.39999999999999986,edge_drop
0.9515151515151515,0.07651347921088178,-0.01474496806850274,0.0361670551878033,0.35,0.4386064043552825,no_degree_prior,in_envelope,0.5543225000146776,3,0.39999999999999986,edge_drop
0.9757575757575757,0.029187147635539232,-0.006615926559937586,0.036214626919139514,0.15,0.41885903710162936,full_method,in_envelope,0.6047732000006363,3,0.39999999999999986,edge_add
0.9757575757575757,0.029446226767749786,-0.005054063789511882,0.0362624648845557,0.15,0.42686412793456135,no_confidence,in_envelope,0.6456136999768205,3,0.39999999999999986,edge_add
0.9757575757575757,0.029047785667968,-0.006817611357867679,0.03606488235069044,0.15,0.4259254155174951,no_neighborhood_agreement,in_envelope,0.468579000007594,3,0.39999999999999986,edge_add
0.9757575757575757,0.029181657809476937,-0.00660541422100256,0.03620860721125747,0.15,0.41886685797731255,no_structural_stability,in_envelope,0.34115759999258444,3,0.39999999999999986,edge_add
0.9757575757575757,0.029187145505276513,-0.006615926559937581,0.03621453949899384,0.15,0.4188594932665761,no_source_consistency,in_envelope,0.5922241999942344,3,0.39999999999999986,edge_add
0.9757575757575757,0.029169264151778406,-0.00668541348326852,0.03621028986844149,0.15,0.4240530048579557,no_degree_prior,in_envelope,0.6304679999884684,3,0.39999999999999986,edge_add
0.9757575757575757,0.05038653628552723,-0.009457149624574964,0.0471996419357531,0.35,0.411899958442082,full_method,in_envelope,0.6198608000122476,3,0.39999999999999986,edge_add
0.9757575757575757,0.05150768035590819,-0.0075285664831650735,0.05027779828418384,0.35,0.44676315084753476,no_confidence,in_envelope,0.6455913000099827,3,0.39999999999999986,edge_add
0.9696969696969697,0.050140180954831776,-0.00918518388229317,0.03918298230026707,0.35,0.40609432893474273,no_neighborhood_agreement,in_envelope,0.4733458000118844,3,0.39999999999999986,edge_add
0.9757575757575757,0.050383254977050256,-0.00946664502716609,0.04718671892628525,0.35,0.4120567191870002,no_structural_stability,in_envelope,0.3231427999853622,3,0.39999999999999986,edge_add
0.9757575757575757,0.05038686742590642,-0.009457149624574964,0.04719903180093476,0.35,0.41190450871635664,no_source_consistency,in_envelope,0.6078015000093728,3,0.39999999999999986,edge_add
0.9757575757575757,0.05034009484212462,-0.009492094219818416,0.04718211997639049,0.35,0.4123858479498361,no_degree_prior,in_envelope,0.6145544000028167,3,0.39999999999999986,edge_add
0.9818181818181818,0.02686011194479552,-0.00402573405584878,0.017448689359607118,0.35,0.42134183977456097,full_method,in_envelope,0.5834360999870114,3,0.39999999999999986,degree_shift
0.9818181818181818,0.026756009680600275,-0.0033644263391463406,0.014122170390504785,0.35,0.41612448011062536,no_confidence,in_envelope,0.6707421000173781,3,0.39999999999999986,degree_shift
0.9818181818181818,0.026871252903531304,-0.00415403816380695,0.01620916597770922,0.35,0.4374493625525933,no_neighborhood_agreement,in_envelope,0.4266559999960009,3,0.39999999999999986,degree_shift
0.9818181818181818,0.026860992561299427,-0.00404205248226625,0.017449081666541823,0.35,0.42090138757220935,no_structural_stability,in_envelope,0.33818829999654554,3,0.39999999999999986,degree_shift
0.9818181818181818,0.026860110048024043,-0.00402573405584878,0.017448691165808473,0.35,0.4213417223704763,no_source_consistency,in_envelope,0.5522262000013143,3,0.39999999999999986,degree_shift
0.9818181818181818,0.026857516430195242,-0.004115816011404007,0.01744847044800267,0.35,0.4330346873805306,no_degree_prior,in_envelope,0.6344591999950353,3,0.39999999999999986,degree_shift
0.8545454545454545,0.23304966269744684,-0.029151679410926473,0.07792479215246262,0.25,0.38996620720898795,full_method,boundary,0.6679262999969069,3,0.39999999999999986,homophily_shift
0.8545454545454545,0.2331558567989692,-0.01488859874012727,0.09592981663617224,0.25,0.4475577715843391,no_confidence,boundary,0.6478570000035688,3,0.39999999999999986,homophily_shift
0.8545454545454545,0.23362510341416057,-0.029105611815157247,0.07709846731388208,0.25,0.3768894297127447,no_neighborhood_agreement,boundary,0.46840419998625293,3,0.39999999999999986,homophily_shift
0.8545454545454545,0.2331005733339213,-0.02933271349341474,0.07310541759837756,0.25,0.3905412171197861,no_structural_stability,boundary,0.3564032999856863,3,0.39999999999999986,homophily_shift
0.8545454545454545,0.2330575977044876,-0.029151679410926473,0.07793141477035756,0.25,0.39005385620888394,no_source_consistency,boundary,0.634202599991113,3,0.39999999999999986,homophily_shift
0.8545454545454545,0.23285374577028795,-0.02900540420319121,0.07699361642201744,0.25,0.39374362213114716,no_degree_prior,boundary,0.6306989000004251,3,0.39999999999999986,homophily_shift
0.5333333333333333,0.7300856706985525,-0.030127372702842308,0.31384157700972126,0.5,0.43152453266037066,full_method,out_envelope,0.6514572000014596,3,0.39999999999999986,homophily_shift
0.44242424242424244,0.9022776204603007,0.004765920436749916,0.4331139161731258,0.5,0.433241284254888,no_confidence,out_envelope,0.5741061999869999,3,0.39999999999999986,homophily_shift
0.5575757575757576,0.6141903099584998,-0.03429595531531509,0.23616814613342288,0.5,0.4319279267769679,no_neighborhood_agreement,out_envelope,0.41404550001607276,3,0.39999999999999986,homophily_shift
0.5333333333333333,0.7308991858216984,-0.029585876307217526,0.31409678892655807,0.5,0.43173474245899635,no_structural_stability,out_envelope,0.3278005000029225,3,0.39999999999999986,homophily_shift
0.5333333333333333,0.7418872411762802,-0.030127372702842315,0.31349427122058293,0.5,0.43001396568420336,no_source_consistency,out_envelope,0.5829104000004008,3,0.39999999999999986,homophily_shift
0.5333333333333333,0.7274258308053161,-0.03001783814743461,0.30587734056241583,0.5,0.4307008038312517,no_degree_prior,out_envelope,0.5999305000004824,3,0.39999999999999986,homophily_shift
0.9696969696969697,0.038822633510411306,-0.009679970700041712,0.025854624040199052,0.0,0.43466227209051767,full_method,in_envelope,0.6018141999957152,4,0.39999999999999986,clean
0.9696969696969697,0.03868716135071373,-0.008200041384551174,0.02077098795861909,0.0,0.4384037693548618,no_confidence,in_envelope,0.6159121000091545,4,0.39999999999999986,clean
0.9696969696969697,0.03878418972561152,-0.009900535396651693,0.020957229354164816,0.0,0.4390659138538942,no_neighborhood_agreement,in_envelope,0.41967319999821484,4,0.39999999999999986,clean
0.9696969696969697,0.038827103173952965,-0.009651390258849311,0.025857274460070058,0.0,0.43456237871768155,no_structural_stability,in_envelope,0.31616280000889674,4,0.39999999999999986,clean
0.9696969696969697,0.03882226240923697,-0.009679970700041701,0.025854133475910535,0.0,0.43466152419634446,no_source_consistency,in_envelope,0.5779196999792475,4,0.39999999999999986,clean
0.9696969696969697,0.03880841075781397,-0.00961144036851421,0.02586966319517656,0.0,0.4356412557615478,no_degree_prior,in_envelope,0.5700011000153609,4,0.39999999999999986,clean
0.9818181818181818,0.030814580691699924,-0.006627439759172445,0.023773575190341834,0.2,0.428672514202968,full_method,in_envelope,0.5730863000208046,4,0.39999999999999986,feature_noise
0.9818181818181818,0.030784072867626293,-0.005715445710312667,0.023787587700468123,0.2,0.43956846137544664,no_confidence,in_envelope,0.5807776000001468,4,0.39999999999999986,feature_noise
0.9818181818181818,0.030768308716812232,-0.0068043128501271396,0.023734164599216345,0.2,0.4366031880960249,no_neighborhood_agreement,in_envelope,0.43264700000872836,4,0.39999999999999986,feature_noise
0.9818181818181818,0.030815737825610447,-0.006607061343883732,0.02377445444916234,0.2,0.42838715692066737,no_structural_stability,in_envelope,0.34928730002138764,4,0.39999999999999986,feature_noise
0.9818181818181818,0.030814517689740636,-0.006627439759172445,0.023773606979485714,0.2,0.4286747285032179,no_source_consistency,in_envelope,0.5946602000040002,4,0.39999999999999986,feature_noise
0.9818181818181818,0.03079025864367218,-0.0066597510077030945,0.023766171932220456,0.2,0.43430330450030763,no_degree_prior,in_envelope,0.6064571999886539,4,0.39999999999999986,feature_noise
0.9818181818181818,0.03385423291654853,-0.005911217017311095,0.01166995872150769,0.45,0.425771119888885,full_method,in_envelope,0.6301110999775119,4,0.39999999999999986,feature_noise
0.9818181818181818,0.03430017494662952,-0.005263302258527719,0.00984424822258223,0.45,0.43777608761878933,no_confidence,in_envelope,0.6819182000181172,4,0.39999999999999986,feature_noise
0.9818181818181818,0.0335314802582626,-0.0058789781958683614,0.016750118226716022,0.45,0.42285870444027884,no_neighborhood_agreement,in_envelope,0.49981570002273656,4,0.39999999999999986,feature_noise
0.9818181818181818,0.03386200002964099,-0.005913160201527919,0.011667398611704518,0.45,0.4257190834236663,no_structural_stability,in_envelope,0.38504250001278706,4,0.39999999999999986,feature_noise
0.9818181818181818,0.033854396301034345,-0.005911217017311094,0.011670006043983239,0.45,0.4257748296399724,no_source_consistency,in_envelope,0.681897200003732,4,0.39999999999999986,feature_noise
0.9818181818181818,0.0338595469549448,-0.0058805637881135875,0.01166211258281362,0.45,0.43030014214454154,no_degree_prior,in_envelope,0.6705569999758154,4,0.39999999999999986,feature_noise
0.9636363636363636,0.049978850850362175,-0.009991798630239086,0.02276042483069684,0.15,0.4306264906205749,full_method,in_envelope,0.6197031000046991,4,0.39999999999999986,edge_drop
0.9636363636363636,0.04995293842315087,-0.008049356751199204,0.01753281535524314,0.15,0.4310853218350207,no_confidence,in_envelope,0.6938008999859449,4,0.39999999999999986,edge_drop
0.9636363636363636,0.04986808925596104,-0.010014063884646018,0.022786728179816078,0.15,0.4338263650117252,no_neighborhood_agreement,in_envelope,0.46117309998953715,4,0.39999999999999986,edge_drop
0.9636363636363636,0.049983381223614315,-0.010087557663210678,0.022763307166822067,0.15,0.43079667579299746,no_structural_stability,in_envelope,0.3503377999877557,4,0.39999999999999986,edge_drop
0.9636363636363636,0.04997832372856524,-0.009991798630239086,0.02276014992685033,0.15,0.43063095922816513,no_source_consistency,in_envelope,0.7078260999987833,4,0.39999999999999986,edge_drop
0.9636363636363636,0.05004669267128362,-0.009863708567943295,0.022799386400165017,0.15,0.4309813393702805,no_degree_prior,in_envelope,0.6985228999983519,4,0.39999999999999986,edge_drop
0.9636363636363636,0.05660341890744387,-0.007911975836486618,0.03258658430793066,0.35,0.4203428065667257,full_method,in_envelope,0.6274276000040118,4,0.39999999999999986,edge_drop
0.9636363636363636,0.05511115938373713,-0.0062742461286632,0.03447991952751621,0.35,0.4332521539704832,no_confidence,in_envelope,0.6664880999887828,4,0.39999999999999986,edge_drop
0.9636363636363636,0.05695031939824353,-0.007196919931152641,0.031301536343314416,0.35,0.4286904179983653,no_neighborhood_agreement,in_envelope,0.4264876999950502,4,0.39999999999999986,edge_drop
0.9636363636363636,0.056632568213710405,-0.00786408560667402,0.032593481468431856,0.35,0.4181237370831157,no_structural_stability,in_envelope,0.36470619999454357,4,0.39999999999999986,edge_drop
0.9636363636363636,0.05660217719712777,-0.007911975836486618,0.032586419762987054,0.35,0.4203460684842096,no_source_consistency,in_envelope,0.658612599974731,4,0.39999999999999986,edge_drop
0.9636363636363636,0.05666841104600636,-0.007947162167404076,0.03260387398979878,0.35,0.431685576053089,no_degree_prior,in_envelope,0.6154306999815162,4,0.39999999999999986,edge_drop
0.9575757575757575,0.058079240949801485,-0.009886425978212869,0.044123892170010184,0.15,0.4235807599237661,full_method,in_envelope,0.6801838999963365,4,0.39999999999999986,edge_add
0.9575757575757575,0.05793090743736265,-0.008432916865879133,0.04334666873469497,0.15,0.44868882179708947,no_confidence,in_envelope,0.607100299996091,4,0.39999999999999986,edge_add
0.9636363636363636,0.057659942298353785,-0.009532002945812194,0.04404906070593631,0.15,0.4159982823448385,no_neighborhood_agreement,in_envelope,0.5294882000016514,4,0.39999999999999986,edge_add
0.9575757575757575,0.058084909877578215,-0.009879785852515241,0.04412673332474448,0.15,0.4236066297097559,no_structural_stability,in_envelope,0.38844850001623854,4,0.39999999999999986,edge_add
0.9575757575757575,0.05807724447807032,-0.009886425978212869,0.04412256280581156,0.15,0.423605888128928,no_source_consistency,in_envelope,0.6456478000036441,4,0.39999999999999986,edge_add
0.9575757575757575,0.05810252211409127,-0.009896481057616131,0.04413351091471585,0.15,0.4254755551518469,no_degree_prior,in_envelope,0.6460817999904975,4,0.39999999999999986,edge_add
0.9515151515151515,0.07729192887269769,-0.014093325541062988,0.022991425702066123,0.35,0.415805446510742,full_method,in_envelope,0.7496265999798197,4,0.39999999999999986,edge_add
0.9515151515151515,0.07586716199854748,-0.010496695604365041,0.025607009367509342,0.35,0.43762767872626573,no_confidence,in_envelope,0.7251186000066809,4,0.39999999999999986,edge_add
0.9515151515151515,0.07660902237381753,-0.013413365130874776,0.023476001710602726,0.35,0.39921564903364,no_neighborhood_agreement,in_envelope,0.5448930999846198,4,0.39999999999999986,edge_add
0.9515151515151515,0.07733171114532765,-0.01410475032378095,0.023016144651355156,0.35,0.4160585647091139,no_structural_stability,in_envelope,0.4307336999918334,4,0.39999999999999986,edge_add
0.9515151515151515,0.07728449788086586,-0.014093325541062988,0.02298288742701212,0.35,0.4158417066996989,no_source_consistency,in_envelope,0.7288235999876633,4,0.39999999999999986,edge_add
0.9515151515151515,0.07754596822805604,-0.013901538738100162,0.02310007015864053,0.35,0.4163295036916523,no_degree_prior,in_envelope,0.7411628999980167,4,0.39999999999999986,edge_add
0.9696969696969697,0.038822633510411306,-0.009679970700041712,0.025854624040199052,0.35,0.43466227209051767,full_method,in_envelope,0.7031027000048198,4,0.39999999999999986,degree_shift
0.9696969696969697,0.03868716135071373,-0.008200041384551174,0.02077098795861909,0.35,0.4384037693548618,no_confidence,in_envelope,0.6680203000141773,4,0.39999999999999986,degree_shift
0.9696969696969697,0.03878418972561152,-0.009900535396651693,0.020957229354164816,0.35,0.4390659138538942,no_neighborhood_agreement,in_envelope,0.5062153000035323,4,0.39999999999999986,degree_shift
0.9696969696969697,0.038827103173952965,-0.009651390258849311,0.025857274460070058,0.35,0.43456237871768155,no_structural_stability,in_envelope,0.40005279998877086,4,0.39999999999999986,degree_shift
0.9696969696969697,0.03882226240923697,-0.009679970700041701,0.025854133475910535,0.35,0.43466152419634446,no_source_consistency,in_envelope,0.631792400003178,4,0.39999999999999986,degree_shift
0.9696969696969697,0.03880841075781397,-0.00961144036851421,0.02586966319517656,0.35,0.4356412557615478,no_degree_prior,in_envelope,0.6608094999974128,4,0.39999999999999986,degree_shift
0.8424242424242424,0.22170281790190133,-0.03106606514335286,0.06408464402863472,0.25,0.40629463150062517,full_method,boundary,0.6834067000017967,4,0.39999999999999986,homophily_shift
0.8484848484848485,0.22753169172821475,-0.01729310603849584,0.06344616268620344,0.25,0.4461218336065967,no_confidence,boundary,0.6711185000021942,4,0.39999999999999986,homophily_shift
0.8424242424242424,0.2197812112571698,-0.02939061161101352,0.06171598940184621,0.25,0.37911633670776823,no_neighborhood_agreement,boundary,0.47820479999063537,4,0.39999999999999986,homophily_shift
0.8424242424242424,0.22191771435935034,-0.030872733997657765,0.062316020691033557,0.25,0.4065759669938881,no_structural_stability,boundary,0.4098849000001792,4,0.39999999999999986,homophily_shift
0.8424242424242424,0.221723101508059,-0.03106606514335288,0.06408191016226102,0.25,0.4062849603157946,no_source_consistency,boundary,0.7355606000055559,4,0.39999999999999986,homophily_shift
0.8424242424242424,0.22130628078767925,-0.03106660171498336,0.07138494000290378,0.25,0.40236215758985666,no_degree_prior,boundary,0.6672350000008009,4,0.39999999999999986,homophily_shift
0.6181818181818182,0.5494443437943921,-0.024294375062352568,0.18277475093350265,0.5,0.4147273047907059,full_method,out_envelope,0.6580210000101943,4,0.39999999999999986,homophily_shift
0.6,0.5921307329577618,0.010557100323091238,0.214219396945202,0.5,0.4460963321955276,no_confidence,out_envelope,0.6671722999890335,4,0.39999999999999986,homophily_shift
0.6242424242424243,0.5406332752294806,-0.027517577979626805,0.1766872290408973,0.5,0.39925406478579917,no_neighborhood_agreement,out_envelope,0.46208969998406246,4,0.39999999999999986,homophily_shift
0.6181818181818182,0.5497072518969857,-0.024398570904357507,0.18288461132483047,0.5,0.41515884503489875,no_structural_stability,out_envelope,0.39109689998440444,4,0.39999999999999986,homophily_shift
0.6181818181818182,0.5500369023048037,-0.02429437506235257,0.18874489484411294,0.5,0.41533916640621754,no_source_consistency,out_envelope,0.6329964000033215,4,0.39999999999999986,homophily_shift
0.6242424242424243,0.5461612157518931,-0.024720912725208034,0.18537564313772953,0.5,0.41637686315166605,no_degree_prior,out_envelope,0.6515757999732159,4,0.39999999999999986,homophily_shift
