accuracy,brier,dataset,delta_star,detector_triggered,ece,intensity,macro_f1,method,nll,runtime_seconds,seed,shift
0.7878787878787878,0.276604738158401,synthetic,,,0.0667248165968693,0.25,0.7883326549993216,source_only,0.47363516688346863,0.0,0,homophily_shift
0.8,0.30041221092514986,synthetic,,,0.10244690071452751,0.25,0.7992574558734024,tent,0.5759093165397644,0.05851450000045588,0,homophily_shift
0.806060606060606,0.2827562844563296,synthetic,,,0.08492405107527065,0.25,0.8066330372801894,eata,0.5012733936309814,0.08671529999992345,0,homophily_shift
0.793939393939394,0.2782306222298104,synthetic,,,0.0806260844071706,0.25,0.7943477681478632,matcha,0.47980374097824097,0.09771680000267224,0,homophily_shift
0.793939393939394,0.2767074665731299,synthetic,,,0.07367951779654534,0.25,0.7943477681478632,gtrans,0.47465750575065613,0.06749990000389516,0,homophily_shift
0.7878787878787878,0.2767826758755911,synthetic,0.000492062759399414,True,0.06714233358701072,0.25,0.7883326549993216,full_method,0.4743376672267914,0.04182289999880595,0,homophily_shift
0.593939393939394,0.5801904982351836,synthetic,,,0.19405761090191925,0.5,0.593018125341946,source_only,1.0564374923706055,0.0,0,homophily_shift
0.6,0.6536696655368606,synthetic,,,0.2814728034265114,0.5,0.5995675883316333,tent,1.4887242317199707,0.07600960000127088,0,homophily_shift
0.6,0.602821256685883,synthetic,,,0.23442922794457638,0.5,0.5999078082411415,eata,1.2396785020828247,0.0707542000018293,0,homophily_shift
0.5818181818181818,0.6096789813832415,synthetic,,,0.2153448355920387,0.5,0.5744902322767712,matcha,1.1519719362258911,0.10218999999779044,0,homophily_shift
0.6,0.5836459636288559,synthetic,,,0.19606049963922212,0.5,0.5987878787878788,gtrans,1.065596342086792,0.04907100000127684,0,homophily_shift
0.593939393939394,0.5809877426562855,synthetic,0.000492062759399414,True,0.19450655489256885,0.5,0.593018125341946,full_method,1.0588624477386475,0.024788299997453578,0,homophily_shift
0.7636363636363637,0.33939868008164464,synthetic,,,0.1247997123183626,0.25,0.764750857318651,source_only,0.5993030667304993,0.0,1,homophily_shift
0.793939393939394,0.34107544899984255,synthetic,,,0.14185883565382523,0.25,0.79396304025648,tent,0.6852240562438965,0.07257479999680072,1,homophily_shift
0.7878787878787878,0.3428772289289366,synthetic,,,0.1409749190012614,0.25,0.788666606363947,eata,0.6481485962867737,0.07704329999978654,1,homophily_shift
0.7757575757575758,0.33825986630307947,synthetic,,,0.1405895791270516,0.25,0.7767301135722189,matcha,0.6001161336898804,0.09460739999485668,1,homophily_shift
0.7696969696969697,0.3386934191431532,synthetic,,,0.13061688596552068,0.25,0.7707583838018621,gtrans,0.599438488483429,0.05092109999532113,1,homophily_shift
0.7696969696969697,0.3385780320387937,synthetic,0.0008941556930541992,True,0.1254851559797923,0.25,0.7707583838018621,full_method,0.5993845462799072,0.155287399997178,1,homophily_shift
0.5696969696969697,0.6168425141922219,synthetic,,,0.23562255158568876,0.5,0.5708238711448799,source_only,1.2041957378387451,0.0,1,homophily_shift
0.5575757575757576,0.7420674590134014,synthetic,,,0.32440547798619124,0.5,0.5409183473496758,tent,1.860295295715332,0.058380900001793634,1,homophily_shift
0.5878787878787879,0.6427043103691845,synthetic,,,0.26889715122454094,0.5,0.5865634109085572,eata,1.3551973104476929,0.07298879999871133,1,homophily_shift
0.5696969696969697,0.6764340976702424,synthetic,,,0.26905369957288106,0.5,0.5611854183057959,matcha,1.419558048248291,0.09769889999734005,1,homophily_shift
0.5818181818181818,0.6250707140935292,synthetic,,,0.23544788306409664,0.5,0.5826327794069729,gtrans,1.2321743965148926,0.05853219999698922,1,homophily_shift
0.5696969696969697,0.6193813151860971,synthetic,0.0008941556930541992,True,0.24297076120521083,0.5,0.5710301394511921,full_method,1.2136166095733643,0.03633899999840651,1,homophily_shift
0.8363636363636363,0.209569978644135,synthetic,,,0.05876952012379962,0.25,0.8345108712068581,source_only,0.3724660277366638,0.0,2,homophily_shift
0.8484848484848485,0.23609397772428725,synthetic,,,0.07114078023216944,0.25,0.8457081947823378,tent,0.4413575530052185,0.06591289999778382,2,homophily_shift
0.8363636363636363,0.2176091450558462,synthetic,,,0.07757736733465483,0.25,0.8345108712068581,eata,0.393295019865036,0.0720043999972404,2,homophily_shift
0.8363636363636363,0.210902889483831,synthetic,,,0.05112035274505612,0.25,0.8345108712068581,matcha,0.3742431104183197,0.09927379999862751,2,homophily_shift
0.8363636363636363,0.20940681832058056,synthetic,,,0.05618312286608146,0.25,0.8345108712068581,gtrans,0.37184348702430725,0.03986099999747239,2,homophily_shift
0.8363636363636363,0.20970224769912127,synthetic,0.000602688980102539,True,0.05878341848200016,0.25,0.8345108712068581,full_method,0.37270715832710266,0.0557766999991145,2,homophily_shift
0.6060606060606061,0.5797630687629942,synthetic,,,0.206919527053833,0.5,0.6051232151343032,source_only,1.043063759803772,0.0,2,homophily_shift
0.5575757575757576,0.7259571245782747,synthetic,,,0.3182765377290322,0.5,0.5272151321076451,tent,1.7832103967666626,0.08301740000024438,2,homophily_shift
0.5696969696969697,0.6330636015343223,synthetic,,,0.2863276405767961,0.5,0.5655562049483732,eata,1.2659175395965576,0.07320679999975255,2,homophily_shift
0.6060606060606061,0.5829740911623462,synthetic,,,0.22337928757523043,0.5,0.6051232151343032,matcha,1.0582687854766846,0.09577449999778764,2,homophily_shift
0.6060606060606061,0.5818085002489868,synthetic,,,0.19754579302036399,0.5,0.6051232151343032,gtrans,1.0479189157485962,0.038615999998000916,2,homophily_shift
0.6060606060606061,0.5802498421795077,synthetic,0.000602688980102539,True,0.20749462048212686,0.5,0.6051232151343032,full_method,1.044826626777649,0.042301299996324815,2,homophily_shift
0.795,0.3295977576406798,cora,,,0.07157638134062291,0.0,0.7855970970826217,source_only,0.7278569340705872,0.0,0,clean
0.789,0.31992758404527377,cora,,,0.07079356397688391,0.0,0.7800311655340629,tent,0.7572594881057739,0.16243500000564381,0,clean
0.773,0.3457067404724218,cora,,,0.05936008352041246,0.0,0.7683549786654489,eata,0.7760441899299622,0.20541940000111936,0,clean
0.798,0.32510473138811524,cora,,,0.07071077343821525,0.0,0.7875692400848323,matcha,0.7202001214027405,0.5714377000040258,0,clean
0.805,0.35812496800616894,cora,,,0.1636917578577995,0.0,0.7943504648974169,gtrans,0.9943624138832092,1.6050207000007504,0,clean
0.793,0.3233252235962268,cora,0.020113713137308756,False,0.06834624978899954,0.0,0.7833893198224648,full_method,0.7168416380882263,4.636674300003506,0,clean
0.295,1.2402868369337432,cora,,,0.5840193067193031,0.1,0.2789615416326869,source_only,7.221230506896973,0.0,0,feature_noise
0.32,0.9736884692359186,cora,,,0.3272818095684052,0.1,0.2868158757174909,tent,2.5480639934539795,0.17496550000214484,0,feature_noise
0.309,0.9132574609005333,cora,,,0.229943183735013,0.1,0.298655298396436,eata,2.212761878967285,0.187901299999794,0,feature_noise
0.298,1.2462687752729362,cora,,,0.5870609384477138,0.1,0.27844796460970106,matcha,7.317427635192871,0.5602456999986316,0,feature_noise
0.299,1.2901120920741176,cora,,,0.6294543759226798,0.1,0.28550255259919394,gtrans,7.5116987228393555,2.2837508999946294,0,feature_noise
0.3,1.2444969030834352,cora,0.020113713137308756,False,0.5859151957333089,0.1,0.2807016830323677,full_method,7.320046901702881,6.2684846999982256,0,feature_noise
0.776,0.34526027411685123,cora,,,0.06715905010700225,0.15,0.7632671768998837,source_only,0.7674379944801331,0.0,0,edge_drop
0.786,0.3393194451650082,cora,,,0.0826874924302101,0.15,0.7771512647803658,tent,0.8084185123443604,0.7122390000004089,0,edge_drop
0.767,0.3632081657203182,cora,,,0.0777288518846035,0.15,0.7613306976877565,eata,0.8146335482597351,0.19055990000197198,0,edge_drop
0.778,0.34062452714083374,cora,,,0.059775522962212585,0.15,0.7641330517647286,matcha,0.7604791522026062,0.5421283999967272,0,edge_drop
0.795,0.3839034051814169,cora,,,0.17900355461239817,0.15,0.7835433677124689,gtrans,1.114134430885315,1.5343434999958845,0,edge_drop
0.777,0.3394735121270166,cora,0.020113713137308756,False,0.05993342134356498,0.15,0.7639237902340864,full_method,0.7585262060165405,6.011047799998778,0,edge_drop
0.763,0.3551431660661356,cora,,,0.055552990972995764,0.0,0.7595344199703966,source_only,0.78926682472229,0.0,1,clean
0.776,0.33778918705108957,cora,,,0.0830865108966827,0.0,0.7695970181006325,tent,0.8039232492446899,0.43568580000282964,1,clean
0.767,0.35813860907986933,cora,,,0.06514722220599653,0.0,0.7627521838504643,eata,0.8108011484146118,0.21142590000090422,1,clean
0.763,0.3494027653516019,cora,,,0.048076035916805274,0.0,0.7599140958522642,matcha,0.7790162563323975,0.6491467999949236,1,clean
0.776,0.40977482958101213,cora,,,0.19347390478849408,0.0,0.7673090619359277,gtrans,1.1476706266403198,2.104136499998276,1,clean
0.762,0.34785233683358946,cora,0.02256950397491455,False,0.05542694196105004,0.0,0.7578611582875597,full_method,0.7760374546051025,6.135162099999434,1,clean
0.261,1.2789846389248747,cora,,,0.6053661373555661,0.1,0.23727986002658707,source_only,7.841901779174805,0.0,1,feature_noise
0.289,0.9953894400754882,cora,,,0.34166484588384627,0.1,0.24433991069211194,tent,2.679924726486206,0.18516200000158278,1,feature_noise
0.26,0.9367630542845258,cora,,,0.2591676298379898,0.1,0.24140837356463724,eata,2.3408560752868652,0.28965790000074776,1,feature_noise
0.271,1.2760255298747638,cora,,,0.6010681391656398,0.1,0.2375038889378434,matcha,7.8977766036987305,0.8219979000059539,1,feature_noise
0.269,1.344385075724345,cora,,,0.6519766570925712,0.1,0.24517634053247153,gtrans,8.254000663757324,2.6333297999954084,1,feature_noise
0.269,1.2780428706541165,cora,0.02256950397491455,False,0.6033299600183963,0.1,0.23750972654346003,full_method,7.926888942718506,6.181089900004736,1,feature_noise
0.751,0.3757253179124923,cora,,,0.0706079937070608,0.15,0.7450035481714801,source_only,0.8363834023475647,0.0,1,edge_drop
0.76,0.3612392920310274,cora,,,0.09055051298439501,0.15,0.7530271413479063,tent,0.8576233983039856,0.1869423000025563,1,edge_drop
0.743,0.3803371097033064,cora,,,0.05338470354676249,0.15,0.7365366848598291,eata,0.8570578098297119,0.19125480000366224,1,edge_drop
0.748,0.3704828535654991,cora,,,0.06261162786185742,0.15,0.7431946382938219,matcha,0.8275186419487,0.5998763000025065,1,edge_drop
0.772,0.42509866151858855,cora,,,0.20058809548616413,0.15,0.7627473927140833,gtrans,1.263533353805542,2.6416585000042687,1,edge_drop
0.747,0.3688522789588155,cora,0.02256950397491455,False,0.07202916340529919,0.15,0.7424640683662079,full_method,0.8243534564971924,5.707584900002985,1,edge_drop
0.775,0.33784038110808884,cora,,,0.059520588561892504,0.0,0.7694728243318486,source_only,0.7626937031745911,0.0,2,clean
0.786,0.3231255336755362,cora,,,0.0797010322809219,0.0,0.7776500512544787,tent,0.7819541096687317,0.22952810000424506,2,clean
0.765,0.3482946160714122,cora,,,0.06233713345229624,0.0,0.7594884453474124,eata,0.8002839684486389,0.23401750000630273,2,clean
0.773,0.3335906189026378,cora,,,0.058163690179586405,0.0,0.76647353186764,matcha,0.7549377679824829,0.7538910999937798,2,clean
0.801,0.3639160215902441,cora,,,0.16405987188220023,0.0,0.7951275042561513,gtrans,1.0332168340682983,2.05240970000159,2,clean
0.776,0.3320953473401635,cora,0.01940827229817708,False,0.05726389122009279,0.0,0.7704046781497391,full_method,0.7517305612564087,8.068117599999823,2,clean
0.282,1.2818405081907476,cora,,,0.5955059420466423,0.1,0.2728596651495517,source_only,7.4089860916137695,0.0,2,feature_noise
0.273,1.0290748625145594,cora,,,0.37971366287767894,0.1,0.24860136447617176,tent,2.73447847366333,0.6875689000007696,2,feature_noise
0.278,0.9415296935779232,cora,,,0.265937420681119,0.1,0.27254101932971964,eata,2.3111209869384766,0.19301049999921815,2,feature_noise
0.276,1.2857034912204977,cora,,,0.605595877289772,0.1,0.26241381330035035,matcha,7.483334064483643,0.845822399998724,2,feature_noise
0.285,1.3239813099835884,cora,,,0.637014694482088,0.1,0.27488128783494037,gtrans,7.677507400512695,2.7168682999981684,2,feature_noise
0.277,1.2843875235243016,cora,0.01940827229817708,False,0.6081113376915455,0.1,0.26339238415804006,full_method,7.486609935760498,7.150996700001997,2,feature_noise
0.751,0.3628922938611453,cora,,,0.062458420038223245,0.15,0.7369625076522252,source_only,0.8339844942092896,0.0,2,edge_drop
0.767,0.3503259750537749,cora,,,0.08523259326815606,0.15,0.7516014090888986,tent,0.8653370141983032,0.17220269999961602,2,edge_drop
0.744,0.37335510779650294,cora,,,0.05182162465155125,0.15,0.7331115124204646,eata,0.8702526688575745,0.21944880000228295,2,edge_drop
0.753,0.3591216398973618,cora,,,0.04850388625264168,0.15,0.7387906948516846,matcha,0.8281067609786987,0.9658698999992339,2,edge_drop
0.778,0.41173041853851067,cora,,,0.18985947921872146,0.15,0.7645297035210634,gtrans,1.228405475616455,1.9549535000041942,2,edge_drop
0.753,0.3577771002233065,cora,0.01940827229817708,False,0.04779012970626355,0.15,0.7389311536065646,full_method,0.8255213499069214,6.878314299996418,2,edge_drop
0.655,0.5276661674654067,citeseer,,,0.12476254671812062,0.0,0.6330869161719265,source_only,1.1066689491271973,0.0,0,clean
0.666,0.5159700756446284,citeseer,,,0.13720635229349137,0.0,0.6421032794767246,tent,1.2706226110458374,1.2254620999956387,0,clean
0.657,0.5217483860382783,citeseer,,,0.1046612957715988,0.0,0.6363400749291358,eata,1.1684045791625977,0.8426594999982626,0,clean
0.648,0.5198663301446702,citeseer,,,0.10687988924980163,0.0,0.6267258487406756,matcha,1.0932098627090454,0.7049121000018204,0,clean
0.65,0.6642275249558627,citeseer,,,0.31756249022483823,0.0,0.6308248693782647,gtrans,1.9650007486343384,4.793758400002844,0,clean
0.647,0.5196776279393396,citeseer,0.03970834274291992,False,0.10490727709233762,0.0,0.6248360951000288,full_method,1.0927538871765137,14.520418299995072,0,clean
0.626,0.539187014355554,citeseer,,,0.10224847547709945,0.15,0.6069774286299358,source_only,1.1315051317214966,0.0,0,edge_drop
0.643,0.5365522005159743,citeseer,,,0.14215558731555938,0.15,0.6209411918790481,tent,1.3182871341705322,0.3097933999961242,0,edge_drop
0.634,0.537519652301976,citeseer,,,0.09591745847463609,0.15,0.6155763176915109,eata,1.2008838653564453,0.4968263000046136,0,edge_drop
0.626,0.5326099092787597,citeseer,,,0.08907547259330752,0.15,0.6060123002917654,matcha,1.1212843656539917,0.6753183999971952,0,edge_drop
0.629,0.7046473146425923,citeseer,,,0.34372363191843036,0.15,0.6109072754840175,gtrans,2.112205982208252,3.947230600002513,0,edge_drop
0.624,0.5323650975229789,citeseer,0.03970834274291992,False,0.08481445589661599,0.15,0.6039262047097528,full_method,1.1207448244094849,14.453474100002495,0,edge_drop
0.644,0.5335052571356567,citeseer,,,0.10322759664058682,0.0,0.617000134170124,source_only,1.1428489685058594,0.0,1,clean
0.66,0.5304017332665949,citeseer,,,0.1441647284030914,0.0,0.6282309295389994,tent,1.3240419626235962,0.3368469000051846,1,clean
0.638,0.5402855089392218,citeseer,,,0.103068595290184,0.0,0.6141113623349536,eata,1.217836618423462,0.4023698999953922,1,clean
0.642,0.525601200985942,citeseer,,,0.08543057307600974,0.0,0.6094442898594946,matcha,1.1328967809677124,0.7432515000036801,1,clean
0.653,0.6707405980315191,citeseer,,,0.3276913289427757,0.0,0.6225528184029184,gtrans,2.1634082794189453,4.596962700001313,1,clean
0.642,0.5247045457306249,citeseer,0.0441532200495402,False,0.08417590382695196,0.0,0.6093506073268359,full_method,1.1310805082321167,17.132284499995876,1,clean
0.627,0.5474342714744392,citeseer,,,0.10212764121592044,0.15,0.6008082199347181,source_only,1.178863286972046,0.0,1,edge_drop
0.647,0.5456673202661516,citeseer,,,0.15631190641224382,0.15,0.6144551693993117,tent,1.3764210939407349,0.6229987000042456,1,edge_drop
0.628,0.5570885930799182,citeseer,,,0.10516014985740185,0.15,0.6052632057650241,eata,1.2608001232147217,0.4670696999965003,1,edge_drop
0.628,0.5394016970375144,citeseer,,,0.08072209590673446,0.15,0.5967929876388899,matcha,1.1706814765930176,1.831287600005453,1,edge_drop
0.644,0.6919251945200474,citeseer,,,0.3403540834188461,0.15,0.6137383456406712,gtrans,2.251119613647461,4.057926100002078,1,edge_drop
0.627,0.5389974621654978,citeseer,0.0441532200495402,False,0.08015224480628967,0.15,0.5958918500576666,full_method,1.1699483394622803,14.14276339999924,1,edge_drop
0.659,0.532354056149319,citeseer,,,0.12912167415022846,0.0,0.6303390192842085,source_only,1.127618670463562,0.0,2,clean
0.661,0.5292712298772635,citeseer,,,0.15274942776560782,0.0,0.6308945727307375,tent,1.3490440845489502,0.31538459999865154,2,clean
0.657,0.5293527527545261,citeseer,,,0.11336646929383279,0.0,0.6300262256450834,eata,1.205612301826477,0.3718144000013126,2,clean
0.655,0.5267516605578512,citeseer,,,0.1152849146425724,0.0,0.6249041416162641,matcha,1.1205304861068726,0.662569899999653,2,clean
0.659,0.6453037740599181,citeseer,,,0.31384376442432405,0.0,0.6284278659918373,gtrans,1.9441670179367065,3.7965925999960746,2,clean
0.662,0.5262946911669155,citeseer,0.041080680084228514,False,0.11885404628515243,0.0,0.6310223943872267,full_method,1.1198804378509521,14.666089599995757,2,clean
0.645,0.5422368966746228,citeseer,,,0.11328884211182595,0.15,0.6178604359076618,source_only,1.151932716369629,0.0,2,edge_drop
0.653,0.5494323500838544,citeseer,,,0.15797509947419164,0.15,0.6241195471511293,tent,1.4049677848815918,0.38172620000113966,2,edge_drop
0.649,0.5452245747802726,citeseer,,,0.11537981855869293,0.15,0.6226201213395224,eata,1.2447493076324463,0.666231200004404,2,edge_drop
0.646,0.5379087774257207,citeseer,,,0.10274290086328983,0.15,0.6179133286703186,matcha,1.147253394126892,1.4304097000058391,2,edge_drop
0.643,0.6837785560215368,citeseer,,,0.33226177549362185,0.15,0.6162245271617354,gtrans,2.1035990715026855,3.7934286999952747,2,edge_drop
0.647,0.5372018343151234,citeseer,0.041080680084228514,False,0.10816271631419655,0.15,0.6187862645405304,full_method,1.1462194919586182,19.80754760000127,2,edge_drop
0.754,0.3659564776185439,pubmed,,,0.057880696415901184,0.0,0.7501357655224524,source_only,0.6442031860351562,0.0,0,clean
0.751,0.39461044244813775,pubmed,,,0.15394605112075804,0.0,0.7460425083317933,tent,0.9327593445777893,1.09590549999848,0,clean
0.751,0.38959140461847336,pubmed,,,0.1280426135957241,0.0,0.7458276037960386,eata,0.8451265096664429,3.6292176999995718,0,clean
0.753,0.3662515116593762,pubmed,,,0.052718336582183806,0.0,0.7494914801539778,matcha,0.6483069062232971,5.858498800000234,0,clean
0.757,0.35829494020354513,pubmed,,,0.04379346761107446,0.0,0.7526908184292415,gtrans,0.6407392621040344,8.912120000000868,0,clean
0.755,0.3656285662110221,pubmed,0.03422475516001383,False,0.06069525241851806,0.0,0.7515224586619715,full_method,0.6474201679229736,25.69287279999844,0,clean
0.748,0.37536361041034644,pubmed,,,0.04893054884672165,0.15,0.7442073393880758,source_only,0.6677902936935425,0.0,0,edge_drop
0.746,0.4110894249874091,pubmed,,,0.15955246791243555,0.15,0.7417286484441838,tent,0.9922873973846436,1.4568797000029008,0,edge_drop
0.744,0.4067579699373575,pubmed,,,0.13772064843773843,0.15,0.7399871526612719,eata,0.898810863494873,1.135131299997738,0,edge_drop
0.745,0.3766879713985107,pubmed,,,0.048671050846576684,0.15,0.7408550508158681,matcha,0.6757385730743408,6.026917499999399,0,edge_drop
0.753,0.37227410200906674,pubmed,,,0.06093846812844275,0.15,0.750719430730226,gtrans,0.6731529831886292,6.928642999999283,0,edge_drop
0.745,0.3762464319927716,pubmed,0.03422475516001383,False,0.050370510518550876,0.15,0.7408550508158681,full_method,0.6752890348434448,24.9002318999992,0,edge_drop
0.753,0.3521483710418764,pubmed,,,0.03964212423563004,0.0,0.7487977952494557,source_only,0.6286252737045288,0.0,1,clean
0.751,0.40288638612543903,pubmed,,,0.16416018903255464,0.0,0.7466816465062488,tent,0.9972639083862305,2.295576999997138,1,clean
0.758,0.3942634563419344,pubmed,,,0.14158532965183257,0.0,0.7523555514054326,eata,0.8955096006393433,2.546172900001693,1,clean
0.755,0.3500851905219951,pubmed,,,0.051705223411321645,0.0,0.7511217450827354,matcha,0.6289243102073669,5.733506199998374,1,clean
0.76,0.34879388541271406,pubmed,,,0.033322427839040755,0.0,0.7543116002681263,gtrans,0.6296712756156921,9.215685199997097,1,clean
0.755,0.34965420348447696,pubmed,0.03688133417765299,False,0.05355079141259194,0.0,0.7508500339798303,full_method,0.628723680973053,27.042004200004158,1,clean
0.754,0.3572500960145021,pubmed,,,0.03766692331433294,0.15,0.7508968979068404,source_only,0.6435099840164185,0.0,1,edge_drop
0.753,0.40630563293745514,pubmed,,,0.16216438159346577,0.15,0.7493028759301289,tent,1.0358186960220337,2.3789921999996295,1,edge_drop
0.754,0.40273288235784044,pubmed,,,0.14601065975427624,0.15,0.7495562080253788,eata,0.9318171143531799,1.1648558000015328,1,edge_drop
0.757,0.3560093662649746,pubmed,,,0.040194507330656055,0.15,0.7534944493565184,matcha,0.6474096775054932,5.563375199999427,1,edge_drop
0.756,0.35554405936015354,pubmed,,,0.0546975023150444,0.15,0.7528143326114698,gtrans,0.648988664150238,7.845294800004922,1,edge_drop
0.755,0.35570507699539994,pubmed,0.03688133417765299,False,0.03941760808229448,0.15,0.7512515532644225,full_method,0.6475920677185059,24.338604399999895,1,edge_drop
0.77,0.3391098929811077,pubmed,,,0.0591964744925499,0.0,0.765993231385358,source_only,0.6001628637313843,0.0,2,clean
0.78,0.36725950383116346,pubmed,,,0.14384228214621542,0.0,0.7728390578566146,tent,0.8739786148071289,0.887461299993447,2,clean
0.77,0.36248926699773054,pubmed,,,0.12347226116061208,0.0,0.764771443075403,eata,0.795439600944519,1.019632299998193,2,clean
0.769,0.33719713306330684,pubmed,,,0.061490258872509015,0.0,0.7651570956903361,matcha,0.5993088483810425,3.41649519999919,2,clean
0.779,0.3315468432594703,pubmed,,,0.04668871513009071,0.0,0.7741900382293604,gtrans,0.5926089882850647,5.354465500000515,2,clean
0.769,0.33640568931770204,pubmed,0.03192886371612549,False,0.062429946362972256,0.0,0.7654744730969777,full_method,0.5981558561325073,13.309128100001544,2,clean
0.765,0.3486822105012953,pubmed,,,0.05299251112341879,0.15,0.7600557485223737,source_only,0.6258102655410767,0.0,2,edge_drop
0.769,0.3814443626659021,pubmed,,,0.14932811504602433,0.15,0.7621763429560148,tent,0.9461355209350586,0.6598816999976407,2,edge_drop
0.768,0.376959078181083,pubmed,,,0.13252944639325143,0.15,0.7612818988095146,eata,0.857568621635437,0.7968792999963625,2,edge_drop
0.766,0.3472989637296724,pubmed,,,0.049273879170417804,0.15,0.7606210068367322,matcha,0.6283575892448425,2.6169370999996318,2,edge_drop
0.771,0.34426190900969494,pubmed,,,0.042441368371248234,0.15,0.7644692815247849,gtrans,0.6240684390068054,4.199097199998505,2,edge_drop
0.766,0.346969274432088,pubmed,0.03192886371612549,False,0.0530003395974636,0.15,0.7606210068367322,full_method,0.6280859112739563,13.060924800003704,2,edge_drop
0.8787584869059166,0.23336352805869973,coauthor_cs,,,0.14790378488549671,0.0,0.775393493922568,source_only,0.5874229073524475,0.0,0,clean
0.9034917555771096,0.15333382122930247,coauthor_cs,,,0.04037688496214571,0.0,0.8068296699937518,tent,0.3822019100189209,0.31924309999885736,0,clean
0.8797284190106692,0.2012287944336849,coauthor_cs,,,0.07241971303720596,0.0,0.7725001670390056,eata,0.5095928907394409,0.5451442999983556,0,clean
0.8937924345295829,0.18987065819252158,coauthor_cs,,,0.09263375295627824,0.0,0.791992089143297,matcha,0.4726196527481079,0.47454470000229776,0,clean
0.8967022308438409,0.18353307831796814,coauthor_cs,0.10831746120452881,False,0.0839727113870714,0.0,0.7980028224003514,full_method,0.4552857279777527,15.17076029999589,0,clean
0.8748787584869059,0.2353536743243122,coauthor_cs,,,0.14127171140753103,0.15,0.7698305135432367,source_only,0.591238260269165,0.0,0,edge_drop
0.8981571290009699,0.15882543956788245,coauthor_cs,,,0.04445157543359512,0.15,0.8035762737641949,tent,0.3922294080257416,0.3025086999987252,0,edge_drop
0.8782735208535403,0.2058210848581958,coauthor_cs,,,0.07403343436095926,0.15,0.7701403996958595,eata,0.520661473274231,0.5340963999988162,0,edge_drop
0.8903976721629486,0.19206026697201323,coauthor_cs,,,0.08628493208514036,0.15,0.7845256033784508,matcha,0.4747695028781891,0.4396485000033863,0,edge_drop
0.8928225024248303,0.18652793451254626,coauthor_cs,0.10831746120452881,False,0.07984262828423375,0.15,0.7901448213651806,full_method,0.4593643248081207,15.499670800003514,0,edge_drop
0.8482056256062076,0.2841639191481399,coauthor_cs,,,0.16913753563662853,0.1,0.710950724183675,source_only,0.7063692808151245,0.0,0,edge_add
0.8748787584869059,0.19108440451669545,coauthor_cs,,,0.051930519603156644,0.1,0.7420903146656764,tent,0.4667668640613556,0.3721624999961932,0,edge_add
0.8525703200775946,0.23976699601574208,coauthor_cs,,,0.07237019858148697,0.1,0.7169529948001302,eata,0.6006988883018494,0.6153602999984287,0,edge_add
0.8700290979631425,0.23022402703850692,coauthor_cs,,,0.10888264060858731,0.1,0.7365568733183531,matcha,0.5668643712997437,0.5114147999993293,0,edge_add
0.8700290979631425,0.22474048951511055,coauthor_cs,0.10831746120452881,False,0.09958377724041878,0.1,0.7344393149615696,full_method,0.5518983006477356,15.245918900000106,0,edge_add
0.8608147429679922,0.24436257227751493,coauthor_cs,,,0.11650875452129039,0.0,0.7444866160609848,source_only,0.6068899035453796,0.0,1,clean
0.899612027158099,0.15054050165355384,coauthor_cs,,,0.03240032218013656,0.0,0.799056541248159,tent,0.3708885610103607,0.3050132999997004,1,clean
0.8705140640155189,0.20785782796401986,coauthor_cs,,,0.05738126651666674,0.0,0.7598312398292151,eata,0.5133582353591919,0.5366987000015797,1,clean
0.8855480116391853,0.19313818410871403,coauthor_cs,,,0.0810061122076703,0.0,0.778448709996084,matcha,0.4836122989654541,0.4625655999989249,1,clean
0.887972841901067,0.18724825920489904,coauthor_cs,0.0975504384358724,False,0.07611738776229862,0.0,0.7807257468203652,full_method,0.4693293273448944,15.56543260000035,1,clean
0.8545101842870999,0.24808066186603173,coauthor_cs,,,0.10323237606065003,0.15,0.7394469552218165,source_only,0.6134341955184937,0.0,1,edge_drop
0.9064015518913676,0.14838588062077615,coauthor_cs,,,0.03249256853393623,0.15,0.8045237865371239,tent,0.3749656677246094,0.3099637999985134,1,edge_drop
0.8714839961202716,0.21069209602788758,coauthor_cs,,,0.054128628462610864,0.15,0.760569313161061,eata,0.5182873606681824,0.5298932000005152,1,edge_drop
0.8845780795344326,0.19485312651209036,coauthor_cs,,,0.07815421625942888,0.15,0.7760491874807093,matcha,0.4867941439151764,0.4465937999993912,1,edge_drop
0.8855480116391853,0.19042754239260953,coauthor_cs,0.0975504384358724,False,0.07364061767114354,0.15,0.7759419598889926,full_method,0.476853609085083,15.149926499994763,1,edge_drop
0.8312318137730359,0.29619876351700153,coauthor_cs,,,0.13149861792675163,0.1,0.6907693481341658,source_only,0.7267877459526062,0.0,1,edge_add
0.8637245392822502,0.20312608374299926,coauthor_cs,,,0.05530601512969525,0.1,0.7104034883102621,tent,0.48655468225479126,0.344394600004307,1,edge_add
0.8375363724539282,0.2529288772632773,coauthor_cs,,,0.054361183864762776,0.1,0.6845564305144551,eata,0.6128262281417847,0.532245199996396,1,edge_add
0.8525703200775946,0.23665533329724778,coauthor_cs,,,0.08156090333812105,0.1,0.7042845237122002,matcha,0.5803242921829224,0.4873904999985825,1,edge_add
0.8569350145489816,0.23264379749294972,coauthor_cs,0.0975504384358724,False,0.08117376154453054,0.1,0.7095708281331781,full_method,0.5698703527450562,15.14234099999885,1,edge_add
0.841255605381166,0.2563476808412011,amazon_photo,,,0.07046260023197248,0.0,0.5938406667966508,source_only,0.6569820642471313,0.0,0,clean
0.909865470852018,0.1454505317565926,amazon_photo,,,0.04060501017912618,0.0,0.6706869137385874,tent,0.38644522428512573,0.23865839999780292,0,clean
0.8331838565022421,0.2754035414134169,amazon_photo,,,0.06068007811035274,0.0,0.5923813986055197,eata,0.7543327212333679,0.2154253000044264,0,clean
0.8780269058295964,0.1940697826536282,amazon_photo,,,0.043426726711705124,0.0,0.6401452492248616,matcha,0.4872806966304779,0.4001300000018091,0,clean
0.8968609865470852,0.1691502064541316,amazon_photo,0.11366725622812908,False,0.03327923248701568,0.0,0.6560533963074111,full_method,0.41411638259887695,2.7255052000036812,0,clean
0.8668161434977578,0.26901625740586865,amazon_photo,,,0.18944080355055132,0.15,0.6096218362165966,source_only,0.6315953135490417,0.0,0,edge_drop
0.9264573991031391,0.11762628457997111,amazon_photo,,,0.019637898800084385,0.15,0.671168611380422,tent,0.3015092611312866,0.14576579999993555,0,edge_drop
0.7188340807174888,0.4403832757251596,amazon_photo,,,0.10510412858874275,0.15,0.5475656438012074,eata,1.0082314014434814,0.16219120000459952,0,edge_drop
0.9219730941704036,0.142363436272562,amazon_photo,,,0.09896539371510793,0.15,0.6634931810715528,matcha,0.3541302978992462,0.4089289000039571,0,edge_drop
0.9179372197309417,0.1562018716051835,amazon_photo,0.11366725622812908,True,0.11799241129325645,0.15,0.6590622373707867,full_method,0.38874128460884094,1.585440800001379,0,edge_drop
0.8690582959641255,0.2826473199331722,amazon_photo,,,0.2323466027798674,0.1,0.5525791935467836,source_only,0.6545128226280212,0.0,0,edge_add
0.9013452914798207,0.14807528672708675,amazon_photo,,,0.031168293164449988,0.1,0.5394230832646528,tent,0.34132471680641174,0.21930869999778224,0,edge_add
0.6986547085201794,0.46736905795491185,amazon_photo,,,0.11429024536513427,0.1,0.4957628749177797,eata,1.03273344039917,0.2084434999997029,0,edge_add
0.8995515695067264,0.17143262606342666,amazon_photo,,,0.07075418797843656,0.1,0.5409618868300614,matcha,0.4014849364757538,0.448975800005428,0,edge_add
0.9040358744394619,0.19211876017003685,amazon_photo,0.11366725622812908,True,0.15298966989255272,0.1,0.5831035725637388,full_method,0.46390289068222046,1.134090899999137,0,edge_add
0.8847533632286996,0.17352662948379508,amazon_photo,,,0.01922060091532935,0.0,0.6584255748223897,source_only,0.41249793767929077,0.0,1,clean
0.9112107623318386,0.14336251127626556,amazon_photo,,,0.04564357365193386,0.0,0.6843326482109484,tent,0.35818547010421753,0.19605360000423389,1,clean
0.8461883408071749,0.2349438239300666,amazon_photo,,,0.034154253536542965,0.0,0.6393145605463489,eata,0.5920455455780029,0.20081790000403998,1,clean
0.9022421524663677,0.1528395257342748,amazon_photo,,,0.024872425773218618,0.0,0.6752899987902006,matcha,0.356734961271286,0.4155998999995063,1,clean
0.9134529147982062,0.13335978092218465,amazon_photo,0.05670118986765543,False,0.022601818624098775,0.0,0.6816271234852112,full_method,0.31002819538116455,2.6359354999949574,1,clean
0.9085201793721973,0.15298671658671625,amazon_photo,,,0.06536748846282875,0.15,0.6429449699683036,source_only,0.3669085204601288,0.0,1,edge_drop
0.9192825112107623,0.12641151900346584,amazon_photo,,,0.038323789928526086,0.15,0.6157908482867223,tent,0.3305264413356781,0.2073716000013519,1,edge_drop
0.8309417040358744,0.2902991979739754,amazon_photo,,,0.1117824988314389,0.15,0.5937057677263979,eata,0.6863633394241333,0.18560900000011316,1,edge_drop
0.9134529147982062,0.12958163749874044,amazon_photo,,,0.018075800516680226,0.15,0.6069960869018909,matcha,0.3081504702568054,0.39873249999800464,1,edge_drop
0.9179372197309417,0.1283823112391298,amazon_photo,0.05670118986765543,True,0.022160462266661136,0.15,0.6251313593294482,full_method,0.3066035807132721,1.3483088000066346,1,edge_drop
0.9008968609865471,0.16849409884459654,amazon_photo,,,0.08072723726253338,0.1,0.5724739531305008,source_only,0.40321794152259827,0.0,1,edge_add
0.905829596412556,0.15851377849486611,amazon_photo,,,0.05818088673422686,0.1,0.5201444212798689,tent,0.4360581934452057,0.22761940000054892,1,edge_add
0.8103139013452915,0.3201827469401919,amazon_photo,,,0.12761300011734256,0.1,0.541636520006739,eata,0.7289095520973206,0.2279839999973774,1,edge_add
0.8869955156950673,0.17709120003441198,amazon_photo,,,0.03551471702453802,0.1,0.46791759226689167,matcha,0.40755510330200195,0.43907180000678636,1,edge_add
0.9017937219730942,0.15798913947695623,amazon_photo,0.05670118986765543,True,0.030660611738538526,0.1,0.5436078541323418,full_method,0.3714689016342163,0.6644899999955669,1,edge_add
