accuracy,brier,dataset,detector_triggered,ece,intensity,macro_f1,method,nll,runtime_seconds,seed,shift
0.8303030303030303,0.23806933560199808,synthetic,,0.0809596278185696,0.25,0.830237910971856,source_only,0.4282669353431344,0.0,0,homophily_shift
0.8303030303030303,0.23379147231494607,synthetic,,0.05157199244410488,0.25,0.8318857538525268,tent_full,0.4159996620843019,0.05671310005709529,0,homophily_shift
0.8363636363636363,0.23222809333441466,synthetic,,0.05089273980348871,0.25,0.8378921908333673,eata_full,0.41157748171500214,0.08364470000378788,0,homophily_shift
0.8181818181818182,0.23595200278610387,synthetic,,0.07646400509015862,0.25,0.8179882044560944,matcha_full,0.41775867528804217,0.10285160003695637,0,homophily_shift
0.8242424242424242,0.231534467605817,synthetic,,0.07976169399062548,0.25,0.8256582374229433,gtrans_full,0.41079162788790125,0.05819330003578216,0,homophily_shift
0.8242424242424242,0.2352159184140533,synthetic,False,0.07343618473441436,0.25,0.8239906573239907,full_method,0.4192268088273954,0.28717230004258454,0,homophily_shift
0.6242424242424243,0.5103655560114115,synthetic,,0.10931120108235756,0.5,0.6235111937130107,source_only,0.8622404593556581,0.0,0,homophily_shift
0.6303030303030303,0.5313372064785152,synthetic,,0.15839076306712122,0.5,0.6304790498965256,tent_full,0.9190260157554517,0.03842050000093877,0,homophily_shift
0.6303030303030303,0.531545880542875,synthetic,,0.1648465392928985,0.5,0.6304790498965256,eata_full,0.9209626772927898,0.055824900045990944,0,homophily_shift
0.5696969696969697,0.5530178980951937,synthetic,,0.13381391899890724,0.5,0.5588903864873828,matcha_full,0.9380868907540193,0.10700269998051226,0,homophily_shift
0.6424242424242425,0.5347027973197126,synthetic,,0.1772036742914953,0.5,0.6425502202169943,gtrans_full,0.9225027023063435,0.03211040003225207,0,homophily_shift
0.6181818181818182,0.5362135049270575,synthetic,False,0.10345803077571998,0.5,0.6113442113442114,full_method,0.9077087492249082,0.25694220000877976,0,homophily_shift
0.8181818181818182,0.26041846944200897,synthetic,,0.06602937695302186,0.25,0.8185891391336936,source_only,0.44855151680155453,0.0,1,homophily_shift
0.8121212121212121,0.26681101893137976,synthetic,,0.059768715710178014,0.25,0.8117272161389808,tent_full,0.4499296452189614,0.038072200026363134,1,homophily_shift
0.8181818181818182,0.2648933682798752,synthetic,,0.056968499466733664,0.25,0.8181134075251723,eata_full,0.4465003156431351,0.06124079995788634,1,homophily_shift
0.8181818181818182,0.2590535954703724,synthetic,,0.09371697225145502,0.25,0.8185891391336936,matcha_full,0.4411631523780517,0.10320569993928075,1,homophily_shift
0.8121212121212121,0.26515879051983776,synthetic,,0.06313379146806346,0.25,0.8117272161389808,gtrans_full,0.44680797123747207,0.031875799992121756,1,homophily_shift
0.8303030303030303,0.25873756266173403,synthetic,False,0.10364965647664973,0.25,0.8310211902444912,full_method,0.44165021807433447,0.2960486999945715,1,homophily_shift
0.6181818181818182,0.4947068436905907,synthetic,,0.0897022566358601,0.5,0.6176487206700925,source_only,0.8383957725217048,0.0,1,homophily_shift
0.6242424242424243,0.5404952761506554,synthetic,,0.16134673048210008,0.5,0.6207414501901121,tent_full,0.9411341598282448,0.0379263999639079,1,homophily_shift
0.6242424242424243,0.5440007984620125,synthetic,,0.16547231105242122,0.5,0.6207414501901121,eata_full,0.9501021704695456,0.07335650001186877,1,homophily_shift
0.6060606060606061,0.559318003390015,synthetic,,0.14735843253785533,0.5,0.6017985125084516,matcha_full,0.9670379821480042,0.10116279998328537,1,homophily_shift
0.6303030303030303,0.5276202585397392,synthetic,,0.13162520025835348,0.5,0.628994909124034,gtrans_full,0.9119798545309993,0.046545299934223294,1,homophily_shift
0.6060606060606061,0.5248340312105368,synthetic,False,0.12786313346556522,0.5,0.6063915373884221,full_method,0.8985313832097772,0.3070748000172898,1,homophily_shift
0.8727272727272727,0.1992444295841012,synthetic,,0.10296663377677644,0.25,0.8709234781830998,source_only,0.3682262597614297,0.0,2,homophily_shift
0.8727272727272727,0.1882176298534993,synthetic,,0.0709398554010954,0.25,0.8709129831755412,tent_full,0.3388811639748068,0.03980719996616244,2,homophily_shift
0.8787878787878788,0.18645309297834256,synthetic,,0.08605307317613932,0.25,0.8773536405115352,eata_full,0.33692147896885033,0.07065409992355853,2,homophily_shift
0.8666666666666667,0.19328387687543266,synthetic,,0.07599713080300076,0.25,0.8651272767651005,matcha_full,0.35318182799422226,0.10630569991189986,2,homophily_shift
0.8787878787878788,0.18607891339589894,synthetic,,0.08195061317216469,0.25,0.8773536405115352,gtrans_full,0.3360154039602951,0.032548599992878735,2,homophily_shift
0.8727272727272727,0.1926602499665428,synthetic,False,0.0768055339784392,0.25,0.8709234781830998,full_method,0.35241775341039944,0.2665454000234604,2,homophily_shift
0.593939393939394,0.5273244467615614,synthetic,,0.0873677032825721,0.5,0.5916247495194864,source_only,0.882021182753899,0.0,2,homophily_shift
0.6060606060606061,0.5610273719170172,synthetic,,0.13989825069222087,0.5,0.598509692125187,tent_full,0.9754949366331795,0.03715390001889318,2,homophily_shift
0.593939393939394,0.5653760602284229,synthetic,,0.14234390122927607,0.5,0.5855200448556209,eata_full,0.9903762067663388,0.05588569992687553,2,homophily_shift
0.5636363636363636,0.5484237428609158,synthetic,,0.11662964784828565,0.5,0.5551020408163265,matcha_full,0.9301811411188865,0.10217650001868606,2,homophily_shift
0.6060606060606061,0.556925250110886,synthetic,,0.14221760527765814,0.5,0.6011361716182737,gtrans_full,0.9618213978600357,0.040274000028148293,2,homophily_shift
0.6,0.5358432455592205,synthetic,False,0.1072080846355198,0.5,0.5960829779727418,full_method,0.9030383994814808,0.2617170000448823,2,homophily_shift
0.78,0.3417310621940578,cora,,0.06356245236456323,0.0,0.7717643184157226,source_only,0.7387554643625861,0.0,0,clean
0.781,0.3537148560395004,cora,,0.09815786379178336,0.0,0.7708822900797893,tent_full,0.8517007505680229,0.9324255000101402,0,clean
0.776,0.35547952132248156,cora,,0.09339330059701015,0.0,0.7679024834205718,eata_full,0.8514695815220612,1.6855474000331014,0,clean
0.779,0.3351626178795095,cora,,0.04990225762963876,0.0,0.7691256865472637,matcha_full,0.7254450004181637,1.1843803999945521,0,clean
0.781,0.4282137451086659,cora,,0.21206082460554218,0.0,0.771450067971571,gtrans_full,1.4976877335711445,4.774131599930115,0,clean
0.778,0.33406241397205527,cora,False,0.04668537932153708,0.0,0.767710701787167,full_method,0.7220092220048575,9.258625900023617,0,clean
0.238,1.3672946545310456,cora,,0.6522626613029379,0.1,0.20797735968394854,source_only,8.942256631846618,0.0,0,feature_noise
0.243,1.001333535180228,cora,,0.3326211384911016,0.1,0.1930690792150474,tent_full,2.5174801178046464,0.8797556000063196,0,feature_noise
0.241,1.0057661592391902,cora,,0.3410178840860655,0.1,0.1897533471899371,eata_full,2.533915611725265,1.6014739000238478,0,feature_noise
0.24,1.3784449317682583,cora,,0.6606928918616478,0.1,0.2038791320860657,matcha_full,9.275479187838112,1.2674124999903142,0,feature_noise
0.245,0.9928143069777772,cora,,0.3089944428125089,0.1,0.20401880225440167,gtrans_full,2.48096047834228,4.608227799995802,0,feature_noise
0.236,1.3781120814605206,cora,False,0.6621146599904838,0.1,0.19688893711916597,full_method,9.160154930738939,9.747369099990465,0,feature_noise
0.766,0.356021429658829,cora,,0.054935163073761506,0.15,0.7578942223964766,source_only,0.7807311878227472,0.0,0,edge_drop
0.764,0.37047697255340895,cora,,0.10847464560724646,0.15,0.7560039873205532,tent_full,0.9148609585163843,1.3474564999341965,0,edge_drop
0.762,0.37230694287479843,cora,,0.10479026184887552,0.15,0.7539673815198611,eata_full,0.91450657891478,2.355570900021121,0,edge_drop
0.763,0.34943265257442757,cora,,0.04807266066792951,0.15,0.7539299662436889,matcha_full,0.7692855292691338,1.6762653000187129,0,edge_drop
0.765,0.46031924850681355,cora,,0.22807656346123592,0.15,0.7570734148783371,gtrans_full,1.6817143827937304,8.122353799990378,0,edge_drop
0.764,0.3484368557564532,cora,False,0.04361087213438448,0.15,0.7544569215858506,full_method,0.7661851125421112,13.274784500012174,0,edge_drop
0.781,0.3394491253400348,cora,,0.05739444803164966,0.0,0.7746194484859903,source_only,0.7544522502451337,0.0,1,clean
0.781,0.34972736161318735,cora,,0.1082489426803722,0.0,0.7747008973678858,tent_full,0.8881092148045402,0.8892506000120193,1,clean
0.781,0.3506855355376549,cora,,0.11093582515506921,0.0,0.7747223240101476,eata_full,0.8827063103965762,1.6004287999821827,1,clean
0.784,0.33586597209577,cora,,0.06800630103887484,0.0,0.7756603572644452,matcha_full,0.7507833416215114,1.1722597999032587,1,clean
0.788,0.41390988952017344,cora,,0.2055722150881954,0.0,0.7851332886826666,gtrans_full,1.4634370289841592,4.781352499965578,1,clean
0.785,0.33429754757263086,cora,False,0.060429710674222356,0.0,0.7769120247039042,full_method,0.7472293982285659,8.918709699995816,1,clean
0.254,1.3812724780903523,cora,,0.6642140970154697,0.1,0.1967693571937384,source_only,10.325309580391137,0.0,1,feature_noise
0.268,1.0120630794604757,cora,,0.3328615602621071,0.1,0.18764775625617752,tent_full,2.6577797924940487,0.8847976999823004,1,feature_noise
0.266,1.0140586490790797,cora,,0.345446973311833,0.1,0.18332327618910843,eata_full,2.677172614329842,1.5099921999499202,1,feature_noise
0.268,1.3629588857003956,cora,,0.660250509263004,0.1,0.1808414147884289,matcha_full,10.592646137896539,1.1987754999427125,1,feature_noise
0.259,1.0090684748997105,cora,,0.31982150231635537,0.1,0.19996870762513147,gtrans_full,2.597580879268951,4.439781300025061,1,feature_noise
0.257,1.3787451895255436,cora,False,0.6661922126162113,0.1,0.17939231609309367,full_method,10.604927084068008,8.710609899950214,1,feature_noise
0.774,0.352962203915135,cora,,0.065602028424175,0.15,0.7672481969943638,source_only,0.7893568920393238,0.0,1,edge_drop
0.777,0.36206414084206767,cora,,0.10043588420542851,0.15,0.7733210286778193,tent_full,0.9246271554306774,0.8019175999797881,1,edge_drop
0.775,0.36385766923348284,cora,,0.10758488090311202,0.15,0.7717575003559674,eata_full,0.920321782437244,1.622414999990724,1,edge_drop
0.776,0.3489136399065076,cora,,0.07327433495392616,0.15,0.7689462641618109,matcha_full,0.786767153762963,1.2110196000430733,1,edge_drop
0.784,0.42499585441397253,cora,,0.2108201959774609,0.15,0.7820508219842519,gtrans_full,1.5560781892392515,4.639435100019909,1,edge_drop
0.779,0.3470386251756744,cora,False,0.06779292496243418,0.15,0.7710648965254289,full_method,0.7826866173000626,9.52321400004439,1,edge_drop
0.784,0.3237089786972842,cora,,0.05350410955022764,0.0,0.7781274514409564,source_only,0.7259031418486054,0.0,2,clean
0.788,0.33144112041780865,cora,,0.08858913278957203,0.0,0.7817059726224994,tent_full,0.8558847061258569,0.973594699986279,2,clean
0.79,0.3334194849132389,cora,,0.08664755266015038,0.0,0.7835000456068781,eata_full,0.8541600421745354,2.2065739000681788,2,clean
0.791,0.3170304222585074,cora,,0.05136992676219706,0.0,0.7841012728293321,matcha_full,0.7122057830365466,1.9653249999973923,2,clean
0.797,0.39962478982316274,cora,,0.19768337202827752,0.0,0.7906024559952313,gtrans_full,1.4950165642212505,9.593669699970633,2,clean
0.793,0.31667701235661555,cora,False,0.0539794174247919,0.0,0.7859120121308365,full_method,0.7110383777906746,15.888456600019708,2,clean
0.234,1.3926583894619107,cora,,0.6661298850802602,0.1,0.21627884227475636,source_only,9.861440150078748,0.0,2,feature_noise
0.258,1.0181997069605764,cora,,0.3424465344710458,0.1,0.21807526690264417,tent_full,2.7915083414979334,1.6684071999043226,2,feature_noise
0.256,1.0190914085209475,cora,,0.3479750216482281,0.1,0.21476023234079764,eata_full,2.798397872314464,2.6010876999935135,2,feature_noise
0.229,1.3958187450120534,cora,,0.6711608358037595,0.1,0.2054872036470719,matcha_full,9.987374083852224,1.2850608000298962,2,feature_noise
0.253,1.0077779327914882,cora,,0.3316485612010615,0.1,0.21788541034846395,gtrans_full,2.730593438357081,7.103346999967471,2,feature_noise
0.233,1.3995974400860483,cora,False,0.671660256681184,0.1,0.21140843474185697,full_method,10.028274417764832,10.627404700033367,2,feature_noise
0.772,0.3485340207906827,cora,,0.062098410563562086,0.15,0.7636466455275183,source_only,0.7971171376500948,0.0,2,edge_drop
0.775,0.3578908814582444,cora,,0.10390794958962535,0.15,0.7671367045586933,tent_full,0.9570103795218344,1.0177646999945864,2,edge_drop
0.772,0.3605564574511144,cora,,0.09925524833725424,0.15,0.7629935823974993,eata_full,0.9551852083649816,2.0534917999757454,2,edge_drop
0.78,0.341782604932733,cora,,0.05752615991480707,0.15,0.7694921325064094,matcha_full,0.7865847174629045,1.417768800049089,2,edge_drop
0.784,0.42491605359866197,cora,,0.21013951187699043,0.15,0.7743877326476737,gtrans_full,1.639422862771138,5.974840699927881,2,edge_drop
0.78,0.3415921631348648,cora,False,0.057896230426814174,0.15,0.7695040525164191,full_method,0.7856024758511592,9.23504420008976,2,edge_drop
0.618,0.5499034837188957,citeseer,,0.08136469789804739,0.0,0.5908314719225993,source_only,1.1873138479559198,0.0,0,clean
0.622,0.592213650442803,citeseer,,0.20333384502298896,0.0,0.5936866550716736,tent_full,1.587598646119231,2.653926400002092,0,clean
0.617,0.5907851238093617,citeseer,,0.19833652036532218,0.0,0.5898478195705144,eata_full,1.5766089764561058,5.038456599926576,0,clean
0.623,0.5434877492187209,citeseer,,0.05360363920744011,0.0,0.5935448519448588,matcha_full,1.1846400531382173,2.7188574998872355,0,clean
0.617,0.7637646169848171,citeseer,,0.3810741811064611,0.0,0.5924382000942507,gtrans_full,3.524093016597315,16.86216829996556,0,clean
0.624,0.5448785269104319,citeseer,False,0.05540766848391078,0.0,0.5938490248397809,full_method,1.1854617310493007,29.778025200008415,0,clean
0.608,0.5569360863430767,citeseer,,0.06338491761392674,0.15,0.5823550163676724,source_only,1.216236091544916,0.0,0,edge_drop
0.612,0.6043827594160757,citeseer,,0.20680669496461163,0.15,0.5875920734235293,tent_full,1.622015762968869,2.6544041000306606,0,edge_drop
0.611,0.6025526479465694,citeseer,,0.1982788604409261,0.15,0.5867530555626018,eata_full,1.6105210598015185,4.851025899988599,0,edge_drop
0.61,0.5504767882976469,citeseer,,0.04255348270221872,0.15,0.5818711226775849,matcha_full,1.2158742252724701,3.0750640999758616,0,edge_drop
0.604,0.7899893145639922,citeseer,,0.3942898356294361,0.15,0.5814411930011524,gtrans_full,3.6553566571204597,18.138612699927762,0,edge_drop
0.607,0.5519792591272237,citeseer,False,0.0473344586091824,0.15,0.5797613152085767,full_method,1.2166682990791728,29.65843459998723,0,edge_drop
0.619,0.546133575756364,citeseer,,0.05996172556212225,0.0,0.593957837904887,source_only,1.1459400339954662,0.0,1,clean
0.618,0.6004633107373363,citeseer,,0.21870107362270597,0.0,0.5939936327041739,tent_full,1.514471807305475,2.394299800042063,1,clean
0.618,0.6003940969877463,citeseer,,0.2160281214418775,0.0,0.5941352954125287,eata_full,1.504147403004915,4.541074199951254,1,clean
0.619,0.5430107711283281,citeseer,,0.07481472047961067,0.0,0.5910893563348115,matcha_full,1.145146283554727,2.5099358999868855,1,clean
0.612,0.7739908046997107,citeseer,,0.3861770214444814,0.0,0.5898894582840811,gtrans_full,3.4475626563730977,14.284041100065224,1,clean
0.62,0.5434943267454435,citeseer,False,0.07498321383570128,0.0,0.5925848371066677,full_method,1.1440660251940775,26.191481899935752,1,clean
0.608,0.5617401426817712,citeseer,,0.07557502387785714,0.15,0.5828176918067419,source_only,1.1782587834504636,0.0,1,edge_drop
0.609,0.6177702218671902,citeseer,,0.22362869709498207,0.15,0.5851291731800015,tent_full,1.5745895700443484,2.2678104999940842,1,edge_drop
0.609,0.6176391764098255,citeseer,,0.22163435172175217,0.15,0.5852021883638101,eata_full,1.5633038900811367,4.1611149000236765,1,edge_drop
0.611,0.5598616314267945,citeseer,,0.07921194035719167,0.15,0.5834709522088334,matcha_full,1.181155401851377,2.3769871999975294,1,edge_drop
0.615,0.7682492935100929,citeseer,,0.3834370845258541,0.15,0.5911700028418964,gtrans_full,3.4707526996010096,14.6119329999201,1,edge_drop
0.613,0.5601581170304333,citeseer,False,0.08315172037772736,0.15,0.5856506915420511,full_method,1.1795850525741693,24.07468700001482,1,edge_drop
0.619,0.5470009322452116,citeseer,,0.07361774785299913,0.0,0.5962569706903383,source_only,1.170496658209393,0.0,2,clean
0.623,0.583501832556916,citeseer,,0.1985614604968003,0.0,0.6008659195236804,tent_full,1.5447320980287267,2.797754899947904,2,clean
0.624,0.5813044244966903,citeseer,,0.19203964582686034,0.0,0.601753763559644,eata_full,1.5309854602091926,4.967316099908203,2,clean
0.626,0.5403909382250294,citeseer,,0.072303773729003,0.0,0.5986928771429508,matcha_full,1.1661202021387722,2.904521700111218,2,clean
0.632,0.7339789733559546,citeseer,,0.36627585368161075,0.0,0.6134249406801499,gtrans_full,3.322222513390608,16.79543660010677,2,clean
0.626,0.5419669859147977,citeseer,False,0.07433990397122762,0.0,0.5989095281467901,full_method,1.1676837863789784,27.87359880004078,2,clean
0.606,0.5610724813054716,citeseer,,0.07163129423240656,0.15,0.5835792743384495,source_only,1.2027974831869517,0.0,2,edge_drop
0.613,0.6028485788045215,citeseer,,0.2004154602769992,0.15,0.5910719641790867,tent_full,1.5906113870968552,2.42213790002279,2,edge_drop
0.613,0.6006150581454716,citeseer,,0.196980273829409,0.15,0.5909296863542156,eata_full,1.5770746034560252,4.74985560006462,2,edge_drop
0.609,0.556674750959487,citeseer,,0.0744182869314752,0.15,0.5824270066642845,matcha_full,1.20277236966707,2.5302554999943823,2,edge_drop
0.625,0.7482796641002627,citeseer,,0.3734635235059067,0.15,0.6058952201734593,gtrans_full,3.410088246043239,16.067404599976726,2,edge_drop
0.608,0.5581150484064485,citeseer,False,0.07548065762715417,0.15,0.5818396824075674,full_method,1.2040590591676739,31.963868000078946,2,edge_drop
0.748,0.39324729680938536,pubmed,,0.0816401635460935,0.0,0.7429712074509665,source_only,0.715584074862345,0.0,0,clean
0.754,0.412488646836974,pubmed,,0.15063843980262895,0.0,0.7495147055903767,tent_full,1.1535308740183714,5.6419108000118285,0,clean
0.753,0.4135391105176452,pubmed,,0.1477059852256398,0.0,0.7478646257924003,eata_full,1.142540492224044,10.097414499963634,0,clean
0.749,0.39003968103629993,pubmed,,0.0761823431708375,0.0,0.7441042631108811,matcha_full,0.7127869359106718,7.7269675000570714,0,clean
0.755,0.4427169055194141,pubmed,,0.1998244005643515,0.0,0.7499807840695546,gtrans_full,1.3356756116406368,19.771850700024515,0,clean
0.749,0.39048034958574385,pubmed,False,0.07744191671498848,0.0,0.7441042631108811,full_method,0.713030403084885,30.19625439995434,0,clean
0.742,0.4049123806893366,pubmed,,0.07450244529858209,0.15,0.7380166801248912,source_only,0.7412279182511061,0.0,0,edge_drop
0.749,0.4292523588873189,pubmed,,0.1590910540770734,0.15,0.744827458462369,tent_full,1.2370632094930891,4.428403199999593,0,edge_drop
0.743,0.43090129646373226,pubmed,,0.16123631390599186,0.15,0.7382219621043457,eata_full,1.2245782469131246,7.393355999956839,0,edge_drop
0.74,0.40251366110950776,pubmed,,0.07822331828513113,0.15,0.7355099155928103,matcha_full,0.7406054787986076,6.138735600048676,0,edge_drop
0.75,0.4578151142158316,pubmed,,0.2135457859730619,0.15,0.7458260046767128,gtrans_full,1.4275024768725952,15.227980800089426,0,edge_drop
0.74,0.40284458256944156,pubmed,False,0.07391906554394322,0.15,0.7355099155928103,full_method,0.7405764664895899,30.691004400025122,0,edge_drop
0.739,0.3866249467138845,pubmed,,0.05215838659682717,0.0,0.7339803905476591,source_only,0.6924722992372248,0.0,1,clean
0.766,0.38452724422173423,pubmed,,0.15043167801212304,0.0,0.7629957361476304,tent_full,0.9531149253601432,5.440533999935724,1,clean
0.77,0.3833217196186681,pubmed,,0.14276641570381643,0.0,0.766621732345826,eata_full,0.939937075909502,8.276589900022373,1,clean
0.727,0.3942046278445038,pubmed,,0.04897108019667233,0.0,0.7228760085241115,matcha_full,0.7082523973963483,7.908557599992491,1,clean
0.776,0.40158702075167174,pubmed,,0.17551453089672409,0.0,0.7718619190738202,gtrans_full,1.1012270806817317,21.163906499976292,1,clean
0.73,0.3922074089017518,pubmed,False,0.044741104454327746,0.0,0.7256640083124098,full_method,0.7040940998226722,40.367737799999304,1,clean
0.731,0.39432590038208326,pubmed,,0.06479973022810086,0.15,0.7244275102978776,source_only,0.7065876121658806,0.0,1,edge_drop
0.765,0.3937669780334213,pubmed,,0.14856248901672256,0.15,0.7627424004192873,tent_full,1.010410873513871,7.987664200016297,1,edge_drop
0.77,0.39375455632544615,pubmed,,0.14884138825015872,0.15,0.7677174368440149,eata_full,0.9956589111148276,11.37454909994267,1,edge_drop
0.726,0.4023755291919456,pubmed,,0.061746588783569756,0.15,0.7215300310248575,matcha_full,0.7257057955014364,8.727539799991064,1,edge_drop
0.77,0.41594279005658996,pubmed,,0.18459198456790984,0.15,0.7669004203409129,gtrans_full,1.1730058887048478,18.447160099982284,1,edge_drop
0.726,0.4001804407464167,pubmed,False,0.06224312910587408,0.15,0.7212892520157593,full_method,0.720654188670279,38.243490600027144,1,edge_drop
0.768,0.3624516995316805,pubmed,,0.07385793004229105,0.0,0.7641286508058721,source_only,0.6570332380875531,0.0,2,clean
0.764,0.3878450544525698,pubmed,,0.1499569765108738,0.0,0.7599226804123712,tent_full,0.9945201480222563,8.437305200030096,2,clean
0.764,0.3884371390754301,pubmed,,0.15347213211877409,0.0,0.7605472149613853,eata_full,0.9830677396111741,13.146158399991691,2,clean
0.766,0.36026922644480625,pubmed,,0.06751435721484754,0.0,0.7628927012864813,matcha_full,0.6579522099800147,8.708261499996297,2,clean
0.767,0.4103329204042626,pubmed,,0.19281790020064093,0.0,0.7630564265444818,gtrans_full,1.1176684036094313,20.090914899948984,2,clean
0.77,0.3602525362414233,pubmed,False,0.07209398693590605,0.0,0.7664798455895389,full_method,0.6569120569273854,35.51959249994252,2,clean
0.769,0.3710428515104668,pubmed,,0.08195612116690995,0.15,0.7663254201366669,source_only,0.6807059183111148,0.0,2,edge_drop
0.765,0.39548822827570723,pubmed,,0.15473201349462218,0.15,0.7628617107492345,tent_full,1.066398409733071,4.752903999993578,2,edge_drop
0.761,0.39624077152931775,pubmed,,0.1490236633848557,0.15,0.7585740203385366,eata_full,1.05459094450384,8.837407800019719,2,edge_drop
0.762,0.37023203144913086,pubmed,,0.07746709371330808,0.15,0.7590585209246467,matcha_full,0.6862044245086102,7.328554600011557,2,edge_drop
0.769,0.42007300128560415,pubmed,,0.19115004981247136,0.15,0.7635663805240266,gtrans_full,1.2113709294210804,16.058392100036144,2,edge_drop
0.763,0.37000489639806733,pubmed,False,0.07646813406653888,0.15,0.759903107422343,full_method,0.6843753693891768,33.916192800039425,2,edge_drop
0.8593598448108632,0.2262889159006153,coauthor_cs,,0.04614261209260432,0.0,0.7140579439340244,source_only,0.5638940106375023,0.0,0,clean
0.8603297769156159,0.2185937673319261,coauthor_cs,,0.0480532257524595,0.0,0.7105524920028542,tent_full,0.588450026180662,3.867178399930708,0,clean
0.8559650824442289,0.22460874394345248,coauthor_cs,,0.04680426211185319,0.0,0.7024890843205793,eata_full,0.6034559158862904,7.186329500051215,0,clean
0.8753637245392822,0.19268394818171605,coauthor_cs,,0.02201705648724999,0.0,0.7379430965510664,matcha_full,0.48020652429657096,4.205864700023085,0,clean
0.8792434529582929,0.18788321987176315,coauthor_cs,False,0.023153302868552467,0.0,0.7425132534241652,full_method,0.4685079723593294,39.60894880001433,0,clean
0.8520853540252182,0.23024176835935256,coauthor_cs,,0.03815738831244544,0.15,0.703255607004294,source_only,0.57992693070335,0.0,0,edge_drop
0.8564500484966052,0.22500935640759628,coauthor_cs,,0.05208788281363701,0.15,0.6991505520797077,tent_full,0.6094905515385589,3.6826572000281885,0,edge_drop
0.853055286129971,0.23066206366220612,coauthor_cs,,0.046941841919586225,0.15,0.6935329150848062,eata_full,0.6247466673689294,6.481547600007616,0,edge_drop
0.8695441319107663,0.19613828269771338,coauthor_cs,,0.015260454749730715,0.15,0.7241095431758496,matcha_full,0.49393947056770443,3.42023980000522,0,edge_drop
0.871968962172648,0.19218739285346328,coauthor_cs,False,0.01951290740201265,0.15,0.7253056064501029,full_method,0.48396596834809363,38.74057979998179,0,edge_drop
0.8617846750727449,0.20756965101673738,coauthor_cs,,0.027812570271784378,0.0,0.7170856289350908,source_only,0.5286981793662,0.0,1,clean
0.8685741998060136,0.20247540179603876,coauthor_cs,,0.03351848409249186,0.0,0.7267692258019361,tent_full,0.5375324352557916,3.995811600005254,1,clean
0.8627546071774975,0.2083766174521016,coauthor_cs,,0.03255986901091632,0.0,0.7157988539139579,eata_full,0.5552414987147798,6.791230500093661,1,clean
0.8743937924345296,0.18621530327267666,coauthor_cs,,0.022869354123529424,0.0,0.7265214277271309,matcha_full,0.46957058561164444,3.520555799943395,1,clean
0.876333656644035,0.184891302370084,coauthor_cs,False,0.01816060026378899,0.0,0.734885825324916,full_method,0.46430056936958364,39.33339729998261,1,clean
0.8549951503394763,0.2166926115690098,coauthor_cs,,0.02266864505045406,0.15,0.7107145919298186,source_only,0.551064217014456,0.0,1,edge_drop
0.8608147429679922,0.21220204019485503,coauthor_cs,,0.040808477735934434,0.15,0.7186404172216643,tent_full,0.5615919233031097,3.4291818999918178,1,edge_drop
0.8559650824442289,0.21840991320190234,coauthor_cs,,0.03834297293796114,0.15,0.7082008269970095,eata_full,0.5794435705004156,6.506538999965414,1,edge_drop
0.8714839961202716,0.1920952353587077,coauthor_cs,,0.025270302986348483,0.15,0.7261298593200058,matcha_full,0.4862750215553038,3.3516153999371454,1,edge_drop
0.8690591658583899,0.19263670834006047,coauthor_cs,False,0.020216967945328734,0.15,0.7275714784255863,full_method,0.48614921620482426,37.72907550004311,1,edge_drop
0.8596412556053812,0.22884311181439784,amazon_photo,,0.056365708907178236,0.0,0.6112674215702372,source_only,0.532540183268215,0.0,0,clean
0.842152466367713,0.2573839299287955,amazon_photo,,0.07280083778058827,0.0,0.5797391942877514,tent_full,0.7179749942781475,0.6572730999905616,0,clean
0.8192825112107623,0.2882860806966536,amazon_photo,,0.0836382433803502,0.0,0.5688089616466577,eata_full,0.7940723393466984,1.2409749999642372,0,clean
0.8775784753363228,0.20227023034886069,amazon_photo,,0.055126455885694904,0.0,0.6225749541574354,matcha_full,0.47183931184824335,1.1267729001119733,0,clean
0.8874439461883408,0.17834516869742992,amazon_photo,False,0.03914057473739348,0.0,0.6129868122454891,full_method,0.41031112043418805,6.028781199944206,0,clean
0.8686098654708521,0.24977987425203008,amazon_photo,,0.14291509641977282,0.15,0.6188890816828284,source_only,0.608171922070659,0.0,0,edge_drop
0.8551569506726457,0.23388736184329434,amazon_photo,,0.046471947461743386,0.15,0.60311132683664,tent_full,0.648439616959936,0.6145236999727786,0,edge_drop
0.8354260089686099,0.265288840564041,amazon_photo,,0.055197342854307205,0.15,0.5909935759526419,eata_full,0.7224364246429685,1.1320854999357834,0,edge_drop
0.8986547085201794,0.17907052494913683,amazon_photo,,0.08504100523454876,0.15,0.6336559616765884,matcha_full,0.44186616189217337,1.083840399980545,0,edge_drop
0.889237668161435,0.20083105117401012,amazon_photo,True,0.10805483115025231,0.15,0.6237357368818,full_method,0.49332859736364215,2.9833241999149323,0,edge_drop
0.8874439461883408,0.2119687551176093,amazon_photo,,0.111666594019978,0.0,0.652052864132017,source_only,0.4820100431342311,0.0,1,clean
0.8233183856502242,0.2658917934952238,amazon_photo,,0.07809648612053186,0.0,0.6126777312360256,tent_full,0.7082746535445361,0.6987325999652967,1,clean
0.8080717488789237,0.28834421639222135,amazon_photo,,0.08304945508628389,0.0,0.6138785438013638,eata_full,0.7522653288045721,1.328084500040859,1,clean
0.9008968609865471,0.18215769269205861,amazon_photo,,0.08959538473519066,0.0,0.6494478103950853,matcha_full,0.4190825912263094,1.1491280000191182,1,clean
0.9040358744394619,0.1761708811320263,amazon_photo,False,0.07837069718306634,0.0,0.6420363355034171,full_method,0.4043237340333363,6.324321600026451,1,clean
0.8798206278026905,0.24213019104028877,amazon_photo,,0.17418751225106088,0.15,0.6190711156632134,source_only,0.5806690477616908,0.0,1,edge_drop
0.8887892376681614,0.1801231782722634,amazon_photo,,0.0370617608094464,0.15,0.6167714253622758,tent_full,0.5363398193006811,0.7926183000672609,1,edge_drop
0.8860986547085202,0.18881537829188302,amazon_photo,,0.041309436916178124,0.15,0.6140208133696088,eata_full,0.5583038402288776,1.5081992999184877,1,edge_drop
0.8825112107623319,0.19170915638555172,amazon_photo,,0.086098147211428,0.15,0.5838730215339729,matcha_full,0.4602508675818838,1.2493599000154063,1,edge_drop
0.8834080717488789,0.2090251620600393,amazon_photo,True,0.12499169405688497,0.15,0.6067501000709514,full_method,0.5040812876901819,3.852343700011261,1,edge_drop
