delta_t,drift_high,drift_low,drift_mid,intensity,phi_t,seed,shift,step
0.0,0.0,0.0,0.0,0.45,0.0,0,feature_noise,0
0.0009013182028116221,0.0008578142349232598,0.0009609586657048919,0.0008851817078067148,0.45,0.0,0,feature_noise,1
0.001793952935319106,0.0017061895938864646,0.0019142396490575697,0.0017614295630132837,0.45,0.0,0,feature_noise,2
0.0026780892124960896,0.002544955075188704,0.002860443099762744,0.0026288694625368203,0.45,0.0,0,feature_noise,3
0.003553916614831546,0.003374411993930626,0.0037996272656167784,0.0034877105849472345,0.45,0.0,0,feature_noise,4
0.004420932305061465,0.004194434917524248,0.004730842497012833,0.004337519500647313,0.45,0.0,0,feature_noise,5
0.005279830721329648,0.005005105190727943,0.005655500534025304,0.005178886439235697,0.45,0.0,0,feature_noise,6
0.006131218955050792,0.0058065473948408775,0.006572754558278993,0.006014354912032505,0.45,0.0033333333333333335,0,feature_noise,7
0.0069797489934999195,0.006597305223496774,0.007486183961192605,0.00685575779581038,0.45,0.006666666666666667,0,feature_noise,8
0.007821958267224796,0.007377942761503942,0.008399658969153623,0.007688273071016827,0.45,0.006666666666666667,0,feature_noise,9
0.008655523916453819,0.008149214655202575,0.009305391923732032,0.00851196517042685,0.45,0.006666666666666667,0,feature_noise,10
0.00948035440607801,0.008911029822702976,0.010203315833029136,0.009326717562501918,0.45,0.006666666666666667,0,feature_noise,11
0.010296649317744802,0.009663235431885409,0.01109397938004597,0.01013273314130303,0.45,0.006666666666666667,0,feature_noise,12
0.011104336396236722,0.01040630366008699,0.011976742556564779,0.010929962972058394,0.45,0.006666666666666667,0,feature_noise,13
0.011903443328554753,0.011140046776708545,0.012851863690916732,0.01171841951803898,0.45,0.006666666666666667,0,feature_noise,14
0.012694114558178149,0.011864416365037767,0.013719688733507707,0.012498238575988974,0.45,0.006666666666666667,0,feature_noise,15
0.013476362227518393,0.0125799059965781,0.014579687563404997,0.013269493122572085,0.45,0.006666666666666667,0,feature_noise,16
0.014250236929215454,0.013286166658739496,0.01543238263847757,0.014032161490429296,0.45,0.006666666666666667,0,feature_noise,17
0.015015571131570852,0.013983383376937941,0.016277187311697805,0.01478614270607681,0.45,0.006666666666666667,0,feature_noise,18
0.0157787621066147,0.014671717208759039,0.017114548524407858,0.015550020586677205,0.45,0.01,0,feature_noise,19
0.016534672985349236,0.015350075723701284,0.01794532061858578,0.016308622613760648,0.45,0.01,0,feature_noise,20
0.017282310786341164,0.01601973184549188,0.01876839934280672,0.01705880117072489,0.45,0.01,0,feature_noise,21
0.01802612424119036,0.016680251922045808,0.0195840809393254,0.01781403986219987,0.45,0.013333333333333334,0,feature_noise,22
0.018761948705677784,0.017330051306744254,0.020392455187022596,0.018563339623266506,0.45,0.013333333333333334,0,feature_noise,23
0.01948965436158767,0.017971569885893435,0.021193034105903452,0.019304359092966128,0.45,0.013333333333333334,0,feature_noise,24
0.020209084510262265,0.018604342270604257,0.021985908164133594,0.020037003096048944,0.45,0.013333333333333334,0,feature_noise,25
0.020920374666626034,0.01922834069214685,0.022771438431496316,0.020761344876234933,0.45,0.013333333333333334,0,feature_noise,26
0.021623694435737195,0.019843798124421053,0.023549701469280482,0.02147758371351005,0.45,0.013333333333333334,0,feature_noise,27
0.022318852128329698,0.020450618588849,0.024320355132559368,0.022185582663580727,0.45,0.013333333333333334,0,feature_noise,28
0.023006202973188783,0.021049007439526646,0.025083981902650487,0.022885619577389216,0.45,0.013333333333333334,0,feature_noise,29
0.023685534170982476,0.02163903292522351,0.02584000730717617,0.023577562280547748,0.45,0.013333333333333334,0,feature_noise,30
0.02435699996357858,0.022220729949967932,0.026588837332156112,0.02426143260861169,0.45,0.013333333333333334,0,feature_noise,31
0.02502055519517654,0.022794080326539068,0.02733026757599688,0.024937317682993676,0.45,0.013333333333333334,0,feature_noise,32
0.025676498105528894,0.023359620491046895,0.028064536069728918,0.025605337755810864,0.45,0.013333333333333334,0,feature_noise,33
0.026324558073736386,0.02391685478923178,0.028791433669434263,0.026265385762543114,0.45,0.013333333333333334,0,feature_noise,34
0.026965035570568174,0.024466204618295073,0.0295112087087831,0.02691769338462635,0.45,0.013333333333333334,0,feature_noise,35
0.027598055595133692,0.025007869810117933,0.030223914471927626,0.02756238250335552,0.45,0.013333333333333334,0,feature_noise,36
0.02822346325566198,0.0255415728202103,0.030929445917051157,0.028199371029724474,0.45,0.013333333333333334,0,feature_noise,37
0.028841568142561114,0.026067701438804325,0.031628150940882005,0.02882885204799701,0.45,0.013333333333333334,0,feature_noise,38
0.02945226687139335,0.026585982326981616,0.03231995903401774,0.029450859253180695,0.45,0.013333333333333334,0,feature_noise,39
0.03005572147558651,0.02709698268927352,0.03300468692091074,0.030065494816575278,0.45,0.013333333333333334,0,feature_noise,40
0.030652059795047593,0.0276008206022752,0.03368254171044227,0.030672817072425307,0.45,0.013333333333333334,0,feature_noise,41
0.031241007223076916,0.028096465635414902,0.034353837923099206,0.031272718110716635,0.45,0.013333333333333334,0,feature_noise,42
0.031822937612542436,0.028585058843341282,0.035018247960792226,0.03186550603349381,0.45,0.013333333333333334,0,feature_noise,43
0.03239783822022887,0.02906630145487299,0.03567608249345455,0.032451130712359055,0.45,0.013333333333333334,0,feature_noise,44
0.03296574242648923,0.02954033125490174,0.036327255374068446,0.033029640650497516,0.45,0.013333333333333334,0,feature_noise,45
0.033526853643654375,0.030007414842576074,0.03697190472470602,0.033601241363681034,0.45,0.013333333333333334,0,feature_noise,46
0.03408100361787288,0.030467352095131184,0.03760982064242813,0.03416583811605933,0.45,0.013333333333333334,0,feature_noise,47
0.034628375490653195,0.03092042040469123,0.03824113568891396,0.034723570378354385,0.45,0.013333333333333334,0,feature_noise,48
0.035169132595210706,0.031366700261870384,0.03886619815546166,0.03527449936830007,0.45,0.013333333333333334,0,feature_noise,49
0.035703365953714226,0.03180631506323961,0.03948499135093697,0.03581879144696609,0.45,0.013333333333333334,0,feature_noise,50
0.03623114042528438,0.032239408357184085,0.04009757772138334,0.03635643519728571,0.45,0.013333333333333334,0,feature_noise,51
0.03675239412186282,0.03266584052988064,0.04070391827946096,0.03688742355624686,0.45,0.013333333333333334,0,feature_noise,52
0.03726686706421386,0.03308509202750798,0.041303797980829726,0.037411711184303864,0.45,0.013333333333333334,0,feature_noise,53
0.03777503724945186,0.03349811251810608,0.041897411709150956,0.03792958752109854,0.45,0.013333333333333334,0,feature_noise,54
0.038277155322509006,0.0339050678324484,0.0424852558742832,0.038441142260795425,0.45,0.013333333333333334,0,feature_noise,55
0.038773243559285984,0.034306226977468546,0.043066954935485624,0.03894654876490378,0.45,0.013333333333333334,0,feature_noise,56
0.0392630628364686,0.03470089829187084,0.043642595296276454,0.03944569492125849,0.45,0.013333333333333334,0,feature_noise,57
0.03974697776285715,0.03508978974434851,0.04421238281041928,0.03993876073380365,0.45,0.013333333333333334,0,feature_noise,58
0.040229864981564334,0.035482823138199726,0.044781147442723546,0.04042562436376973,0.45,0.02,0,feature_noise,59
0.0,0.0,0.0,0.0,0.35,0.0,0,edge_add,0
0.000639193127602448,0.000633255567922042,0.0006020585787850363,0.0006822652361002657,0.35,0.0,0,edge_add,1
0.001277205051518478,0.0012650131713457524,0.0012030836941290257,0.0013635182890806563,0.35,0.0,0,edge_add,2
0.0019141625580071746,0.0018950923484329918,0.0018031747104471085,0.0020442206151414233,0.35,0.0,0,edge_add,3
0.0025501327683659833,0.0025237142081318,0.002402275407744514,0.0027244086892216357,0.35,0.0,0,edge_add,4
0.003185152151515269,0.003150888546414987,0.0030004968724125503,0.00340407103571827,0.35,0.0,0,edge_add,5
0.003818973923209771,0.0037763654472044994,0.0035977567302729607,0.004082799592151853,0.35,0.0,0,edge_add,6
0.004451675159346487,0.0044002628457491255,0.004194071498149321,0.004760691134141015,0.35,0.0,0,edge_add,7
0.005082912533225903,0.005022213932221242,0.004788979085479594,0.005437544581976872,0.35,0.0,0,edge_add,8
0.005713533664804278,0.005642452428450739,0.005384624346651101,0.006113524219310995,0.35,0.0033333333333333335,0,edge_add,9
0.006342767742035497,0.006259565804069056,0.005979142203650589,0.006789595218386846,0.35,0.0033333333333333335,0,edge_add,10
0.006970412480226266,0.0068745941311502134,0.006572256059349524,0.007464387250179061,0.35,0.0033333333333333335,0,edge_add,11
0.0075966363229214755,0.007487788355761582,0.0071641289663282315,0.008137991646674614,0.35,0.0033333333333333335,0,edge_add,12
0.008221407713499551,0.008098978259278633,0.007754772627626139,0.008810472253593882,0.35,0.0033333333333333335,0,edge_add,13
0.008844643596213139,0.00870802145227545,0.008343995062125686,0.009481914274238279,0.35,0.0033333333333333335,0,edge_add,14
0.009466248584919623,0.009314952761002915,0.008931833890962193,0.010151959102793762,0.35,0.0033333333333333335,0,edge_add,15
0.010086277021304565,0.009919763866848008,0.009518285509737434,0.010820781687328251,0.35,0.0033333333333333335,0,edge_add,16
0.010704707189024018,0.010522434802860303,0.010103337652172195,0.011488349112039553,0.35,0.0033333333333333335,0,edge_add,17
0.01132152123605031,0.011122983874541137,0.010686977785226981,0.012154602048382812,0.35,0.0033333333333333335,0,edge_add,18
0.011936486116254566,0.011721025657466577,0.011268954553172228,0.012819478138124896,0.35,0.0033333333333333335,0,edge_add,19
0.012551332012351998,0.012321677405030651,0.011849448595292245,0.013482870036733097,0.35,0.006666666666666667,0,edge_add,20
0.013166566303154529,0.012924840968846385,0.012428393770870239,0.014146464169746964,0.35,0.006666666666666667,0,edge_add,21
0.013779957835507117,0.013525711126081585,0.013005653285372176,0.01480850909506759,0.35,0.006666666666666667,0,edge_add,22
0.014391576899881686,0.0141244211430398,0.013581311875306534,0.015468997681298724,0.35,0.006666666666666667,0,edge_add,23
0.015001304720814327,0.01472070268104797,0.014155286437880887,0.016127925043514124,0.35,0.006666666666666667,0,edge_add,24
0.015608957972706524,0.015314558928797517,0.014727424804424016,0.016784890184898038,0.35,0.006666666666666667,0,edge_add,25
0.016214930136590144,0.015906243912925833,0.015298062745900398,0.017440483750944202,0.35,0.006666666666666667,0,edge_add,26
0.016818909707329428,0.016495496231254236,0.01586698647616791,0.01809424641456614,0.35,0.006666666666666667,0,edge_add,27
0.017420827674932582,0.017082159952745646,0.016433985169404197,0.018746337902647903,0.35,0.006666666666666667,0,edge_add,28
0.018020680018044983,0.01766627824679956,0.016999253288075167,0.019396508519260225,0.35,0.006666666666666667,0,edge_add,29
0.01861821102940131,0.018247716263607217,0.017562446441373725,0.02004447038322299,0.35,0.006666666666666667,0,edge_add,30
0.01921352099350308,0.018826401749247657,0.018123665796053512,0.020690495435208067,0.35,0.006666666666666667,0,edge_add,31
0.019806587056504326,0.0194023247003986,0.01868294596847564,0.021334490500638736,0.35,0.006666666666666667,0,edge_add,32
0.02039758378146339,0.019975833359397677,0.019240459467838256,0.02197645851715424,0.35,0.006666666666666667,0,edge_add,33
0.02098642567960966,0.020546543875663015,0.019795984481838502,0.02261674868132746,0.35,0.006666666666666667,0,edge_add,34
0.021574858450568685,0.021114592317878822,0.020355256469742455,0.023254726564084782,0.35,0.01,0,edge_add,35
0.02216153429795979,0.021679103070221695,0.020914557195922168,0.0238909426277355,0.35,0.01,0,edge_add,36
0.02274629641934493,0.02224071838419628,0.021471784659743642,0.024526386214094864,0.35,0.013333333333333334,0,edge_add,37
0.023330462804240077,0.022798413654607885,0.02202663185196463,0.02516634290614772,0.35,0.013333333333333334,0,edge_add,38
0.023912270939675555,0.023353132376342067,0.022579374649444817,0.02580430579323978,0.35,0.013333333333333334,0,edge_add,39
0.02449177150345072,0.023904976378753995,0.02313015304408972,0.02644018508750845,0.35,0.013333333333333334,0,edge_add,40
0.0250687589796396,0.024453698592849182,0.023678805094708433,0.027073773251361177,0.35,0.013333333333333334,0,edge_add,41
0.025643544460728362,0.024999563388002688,0.02422562094373648,0.02770544905044592,0.35,0.013333333333333334,0,edge_add,42
0.026215985367939527,0.025542584482545982,0.024770467316152622,0.02833490430511998,0.35,0.013333333333333334,0,edge_add,43
0.0267858915661963,0.026082434867990667,0.02531307409668604,0.028962165733912193,0.35,0.013333333333333334,0,edge_add,44
0.027353143795976715,0.026619100258896022,0.0258534889602392,0.029586842168794925,0.35,0.013333333333333334,0,edge_add,45
0.027918365489875658,0.027152949180622388,0.02639226259279559,0.030209884696209,0.35,0.013333333333333334,0,edge_add,46
0.02848100065645757,0.027683645372999943,0.02692892093878929,0.030830435657583477,0.35,0.013333333333333334,0,edge_add,47
0.029041084420183827,0.028211136908720125,0.027463365054396283,0.031448751297435074,0.35,0.013333333333333334,0,edge_add,48
0.029598855625365905,0.0287356164420024,0.027995982067782865,0.03206496836631245,0.35,0.013333333333333334,0,edge_add,49
0.030153073676003284,0.029256252831113105,0.028525510987442493,0.03267745720945425,0.35,0.013333333333333334,0,edge_add,50
0.03070552535655054,0.029774303438250715,0.02905366603383519,0.03328860659756572,0.35,0.013333333333333334,0,edge_add,51
0.031255127987373364,0.030288753920478695,0.02957943694003684,0.03389719310160455,0.35,0.013333333333333334,0,edge_add,52
0.031801845496313076,0.030799797400766327,0.030102830477416798,0.03450290861075611,0.35,0.013333333333333334,0,edge_add,53
0.03234671404546019,0.0313070670241109,0.03062347789069353,0.03510959722157614,0.35,0.016666666666666666,0,edge_add,54
0.03289132519680893,0.031809980273612704,0.031141360791796524,0.03572263452501756,0.35,0.016666666666666666,0,edge_add,55
0.03343261669225409,0.03230901794622065,0.03165637483023909,0.036332457300302545,0.35,0.016666666666666666,0,edge_add,56
0.03397143236159498,0.032804814233096,0.032169305941204374,0.03694017691048457,0.35,0.016666666666666666,0,edge_add,57
0.03450720816733469,0.03329707968122442,0.03267965839289877,0.0375448864278809,0.35,0.016666666666666666,0,edge_add,58
0.035039987199450784,0.03378564011124163,0.03318748938720484,0.03814683209990588,0.35,0.016666666666666666,0,edge_add,59
0.0,0.0,0.0,0.0,0.5,0.0,0,homophily_shift,0
0.00012096872858883649,0.00014129152760078423,0.00012293991120210235,9.867474696362288e-05,0.5,0.0033333333333333335,0,homophily_shift,1
0.00024216048646328683,0.00028309519159575025,0.0002464044972480539,0.00019698177054605637,0.5,0.0033333333333333335,0,homophily_shift,2
0.00036343232530061664,0.00042522353994806084,0.00037003946329550175,0.00029503397265828735,0.5,0.0033333333333333335,0,homophily_shift,3
0.00048483504011583484,0.0005677019195325372,0.0004938359405949888,0.0003929672602199785,0.5,0.0033333333333333335,0,homophily_shift,4
0.0006071395881332616,0.0007102811326620273,0.0006177068018753396,0.0004934308298624179,0.5,0.006666666666666667,0,homophily_shift,5
0.0007316143230573687,0.0008537538799635591,0.000742226758853215,0.000598862330355332,0.5,0.006666666666666667,0,homophily_shift,6
0.0008584145655848677,0.0009994561264877744,0.0008671847609478256,0.0007086028093190033,0.5,0.013333333333333334,0,homophily_shift,7
0.000991273866937629,0.0011569568279532483,0.0009935295246983888,0.0008233352481612499,0.5,0.013333333333333334,0,homophily_shift,8
0.0011246882204312136,0.0013154185725106626,0.00112029036054212,0.0009383557282408583,0.5,0.013333333333333334,0,homophily_shift,9
0.0012582201551168404,0.0014740739980109163,0.001247152356008585,0.0010534341113310197,0.5,0.013333333333333334,0,homophily_shift,10
0.0013948810938189855,0.0016332359573412725,0.0013743132572118788,0.0011770940669038055,0.5,0.016666666666666666,0,homophily_shift,11
0.0015321977197539545,0.0017929439628575627,0.001501993969945492,0.0013016552264588088,0.5,0.02,0,homophily_shift,12
0.0016725980157453562,0.0019543028555019104,0.001630063567149842,0.0014334276245843158,0.5,0.02,0,homophily_shift,13
0.0018132688704701934,0.0021160380902390807,0.0017584480061765828,0.0015653205149949168,0.5,0.02,0,homophily_shift,14
0.0019542363310772193,0.0022782417106527175,0.0018870299324296735,0.0016974373501492668,0.5,0.02,0,homophily_shift,15
0.002095522955461097,0.0024409835849713013,0.0020158324488688817,0.0018297528325431078,0.5,0.02,0,homophily_shift,16
0.002236958042271975,0.0026040493652482732,0.002144606448938491,0.0019622183126291604,0.5,0.02,0,homophily_shift,17
0.0023786337334006737,0.0027674927550246364,0.0022736380622279118,0.0020947703829494735,0.5,0.02,0,homophily_shift,18
0.0025217790069912613,0.002931353633228939,0.002406521364562708,0.0022274620231821363,0.5,0.023333333333333334,0,homophily_shift,19
0.0026650895927337603,0.0030955983762569472,0.0025393793266663134,0.0023602910752780204,0.5,0.023333333333333334,0,homophily_shift,20
0.0028089880562454463,0.0032606865704978283,0.0026726573247932706,0.0024936202734452406,0.5,0.023333333333333334,0,homophily_shift,21
0.0029528488548732357,0.0034258314353037833,0.002805944848978892,0.002626770280337032,0.5,0.023333333333333334,0,homophily_shift,22
0.003096919952349194,0.00359134282027318,0.0029393611101592443,0.002760055926615157,0.5,0.023333333333333334,0,homophily_shift,23
0.003241262143377129,0.003757294179992543,0.0030729746715768558,0.002893517578561988,0.5,0.023333333333333334,0,homophily_shift,24
0.003386099819939518,0.003923978553970364,0.003207051112364523,0.0030272697934836668,0.5,0.023333333333333334,0,homophily_shift,25
0.003531149286448506,0.004090985077306153,0.0033413408396323896,0.0031611219424069747,0.5,0.023333333333333334,0,homophily_shift,26
0.0036766345549991697,0.0042586302161735645,0.003475980432771253,0.0032952930160526916,0.5,0.023333333333333334,0,homophily_shift,27
0.0038251957342066065,0.004434804945178228,0.0036110746794843496,0.0034297075779572417,0.5,0.02666666666666667,0,homophily_shift,28
0.003975635498124149,0.00461575111518242,0.0037467868662773296,0.0035643685129126967,0.5,0.02666666666666667,0,homophily_shift,29
0.004126818423109728,0.004797200635996424,0.003884151810296721,0.003699102823036038,0.5,0.03,0,homophily_shift,30
0.004280046850701917,0.004980003158548352,0.004025666202012057,0.003834471191545341,0.5,0.03,0,homophily_shift,31
0.004433338224388202,0.0051630858890500675,0.004167370244441304,0.003969558539673235,0.5,0.03,0,homophily_shift,32
0.004587258090547257,0.005347071731619357,0.004309579095881699,0.0041051234441407125,0.5,0.03,0,homophily_shift,33
0.0047425483318471,0.005531584168210091,0.0044553918501814005,0.0042406689771498085,0.5,0.03333333333333333,0,homophily_shift,34
0.004898921427622087,0.005716882736367723,0.004603530157840596,0.00437635138865794,0.5,0.03333333333333333,0,homophily_shift,35
0.005055532544339973,0.0059026664861622224,0.004751977262486717,0.004511953884370978,0.5,0.03333333333333333,0,homophily_shift,36
0.005213075160158472,0.0060896639638690075,0.004901390072554357,0.004648171444052052,0.5,0.03333333333333333,0,homophily_shift,37
0.005372168216438655,0.006276648053256451,0.005055800078434536,0.004784056517624979,0.5,0.03666666666666667,0,homophily_shift,38
0.00553374268855833,0.006465423193905417,0.005215339458822854,0.004920465412946717,0.5,0.03666666666666667,0,homophily_shift,39
0.005695973702881478,0.006654707952829575,0.0053762916177461095,0.005056921538068748,0.5,0.04,0,homophily_shift,40
0.005860469822691598,0.006848241904812036,0.005539468142669701,0.0051936994205930564,0.5,0.043333333333333335,0,homophily_shift,41
0.006025773068720763,0.007044025472279947,0.005703521678612766,0.005329772055269577,0.5,0.043333333333333335,0,homophily_shift,42
0.006192361462028451,0.007241525645733438,0.005869026450551262,0.005466532289800652,0.5,0.043333333333333335,0,homophily_shift,43
0.006359011228365278,0.007439274851047284,0.006034677288656254,0.005603081545392297,0.5,0.043333333333333335,0,homophily_shift,44
0.006525805175618034,0.007637303950272234,0.006200637832354916,0.005739473744226953,0.5,0.043333333333333335,0,homophily_shift,45
0.006693549594072905,0.007836675418588679,0.006367858498059431,0.005876114865570603,0.5,0.043333333333333335,0,homophily_shift,46
0.006861251084924284,0.008036130339414638,0.006535112565629386,0.006012510349728828,0.5,0.043333333333333335,0,homophily_shift,47
0.0070294863813358255,0.008236376651960808,0.006703089146174457,0.006148993345872211,0.5,0.043333333333333335,0,homophily_shift,48
0.0071984116304404005,0.0084376337730806,0.006871909842491641,0.006285691275748961,0.5,0.043333333333333335,0,homophily_shift,49
0.007367577315108602,0.008639377277119165,0.007041213950329195,0.006422140717877445,0.5,0.043333333333333335,0,homophily_shift,50
0.007541280295231286,0.008841559780545127,0.0072121820590274055,0.006570099046121325,0.5,0.05,0,homophily_shift,51
0.007718525515300907,0.009045704549167588,0.007385066223048853,0.006724805773686282,0.5,0.05,0,homophily_shift,52
0.007896176293844556,0.009250450920971764,0.0075585557156472305,0.006879522244914671,0.5,0.05,0,homophily_shift,53
0.008075037762410697,0.009455973713491661,0.007734635166074033,0.007034504407666398,0.5,0.05333333333333334,0,homophily_shift,54
0.008255485951807398,0.009662216530774148,0.007914450792634586,0.0071897905320134625,0.5,0.056666666666666664,0,homophily_shift,55
0.008439585422868693,0.00986967756958429,0.008103783526989095,0.007345295172032695,0.5,0.056666666666666664,0,homophily_shift,56
0.008624749195554707,0.01007775780003689,0.008295708683591141,0.007500781103036092,0.5,0.06,0,homophily_shift,57
0.00881415475416858,0.010290660264886564,0.008495340788019223,0.007656463209599951,0.5,0.06333333333333334,0,homophily_shift,58
0.009008204434231226,0.010516075270682712,0.008696246043800204,0.007812291988210762,0.5,0.06333333333333334,0,homophily_shift,59
0.0,0.0,0.0,0.0,0.45,0.0,1,feature_noise,0
0.0008363308716432538,0.000831359625250272,0.0007748048157087961,0.0009028281739706934,0.45,0.0033333333333333335,1,feature_noise,1
0.0016730430106792389,0.00165484237969038,0.0015592057032620676,0.0018050809490852693,0.45,0.0033333333333333335,1,feature_noise,2
0.002506895556360633,0.0024739652056845474,0.002341341081578796,0.0027053803818185562,0.45,0.0033333333333333335,1,feature_noise,3
0.0033373497947442043,0.003288462156134986,0.003120633479266055,0.003602953748831572,0.45,0.0033333333333333335,1,feature_noise,4
0.004164337172093561,0.00409786559635239,0.003896991669709138,0.004498154250219155,0.45,0.0033333333333333335,1,feature_noise,5
0.0049878747617708346,0.004902352869590398,0.004670502667029841,0.005390768748692265,0.45,0.0033333333333333335,1,feature_noise,6
0.005808080289297283,0.005702067433277946,0.005441283986868717,0.006280889447745186,0.45,0.0033333333333333335,1,feature_noise,7
0.006624709812274698,0.00649671615121028,0.00620911379976119,0.007168299485852625,0.45,0.0033333333333333335,1,feature_noise,8
0.007437889626098444,0.007286554445918081,0.0069740897539343205,0.008053024678442933,0.45,0.0033333333333333335,1,feature_noise,9
0.008247813463531761,0.008071729920560489,0.007736430890674217,0.008935279579360578,0.45,0.0033333333333333335,1,feature_noise,10
0.00905396485691142,0.00885160621744463,0.00849565894250548,0.009814629410784148,0.45,0.0033333333333333335,1,feature_noise,11
0.009856343256833489,0.009626356389904167,0.009251770818860638,0.01069090256173566,0.45,0.0033333333333333335,1,feature_noise,12
0.01065479285909047,0.010395618055291767,0.010004638038100588,0.011564122483879058,0.45,0.0033333333333333335,1,feature_noise,13
0.01144919240893653,0.011159403066328455,0.010754114835467177,0.012434059325013957,0.45,0.0033333333333333335,1,feature_noise,14
0.012239728805354807,0.011917834096878521,0.011500405762036814,0.013300946557149085,0.45,0.0033333333333333335,1,feature_noise,15
0.01302611752890337,0.012670573221678527,0.012243236529448809,0.014164542835582772,0.45,0.0033333333333333335,1,feature_noise,16
0.013808441599962603,0.01341778783220371,0.012982712010867425,0.015024824956816674,0.45,0.0033333333333333335,1,feature_noise,17
0.014586293022383864,0.01415917400365152,0.013718493370580842,0.015881211692919228,0.45,0.0033333333333333335,1,feature_noise,18
0.015360056168900163,0.014894860368734886,0.014450835424110076,0.01673447271385553,0.45,0.0033333333333333335,1,feature_noise,19
0.016129787070044088,0.015624915202987144,0.015179876843489426,0.017584569163655694,0.45,0.0033333333333333335,1,feature_noise,20
0.01689495219863235,0.016349036456093646,0.015905119155450564,0.018430700984352844,0.45,0.0033333333333333335,1,feature_noise,21
0.01765532055883105,0.01706692777797636,0.01662636347357671,0.019272670424940075,0.45,0.0033333333333333335,1,feature_noise,22
0.018410981551116274,0.017778606338037517,0.017343634289527343,0.020110704025783965,0.45,0.0033333333333333335,1,feature_noise,23
0.019161498565436547,0.01848382286365502,0.01805656899337338,0.020944103839281247,0.45,0.0033333333333333335,1,feature_noise,24
0.019912712963064922,0.019182881230123905,0.01876541107008567,0.021789846588985196,0.45,0.006666666666666667,1,feature_noise,25
0.0206620572590361,0.019872973491292356,0.01947745806584278,0.022635740219973166,0.45,0.01,1,feature_noise,26
0.021407682110068976,0.020556241350646265,0.02018865731518482,0.023478147664375837,0.45,0.01,1,feature_noise,27
0.022148160768808323,0.021232815118649828,0.020895476783449718,0.024316190404325422,0.45,0.01,1,feature_noise,28
0.02288317794782598,0.02190253541636089,0.021597739026778306,0.02514925940033874,0.45,0.01,1,feature_noise,29
0.023614900991824023,0.022570880187710474,0.022295748209376298,0.025978074578385302,0.45,0.013333333333333334,1,feature_noise,30
0.024348426309532305,0.023249186025259272,0.022992892042317692,0.02680320086101995,0.45,0.02,1,feature_noise,31
0.025082996974577425,0.023919692843108242,0.023705749477145877,0.027623548603478154,0.45,0.023333333333333334,1,feature_noise,32
0.025813245764891895,0.024581399327542552,0.024418409703988897,0.028439928263144232,0.45,0.023333333333333334,1,feature_noise,33
0.026538196425842948,0.02523672436957103,0.02512676457331664,0.029251100334641178,0.45,0.023333333333333334,1,feature_noise,34
0.027257492045742793,0.025884830970255512,0.02583049329655962,0.030057151870413246,0.45,0.023333333333333334,1,feature_noise,35
0.02797126929670683,0.026525793587788726,0.02652976494486936,0.030858249357462397,0.45,0.023333333333333334,1,feature_noise,36
0.028679695861949222,0.027159936417234798,0.027224700082539965,0.0316544510860729,0.45,0.023333333333333334,1,feature_noise,37
0.029382605457103323,0.02778740315626871,0.02791512160167864,0.032445291613362626,0.45,0.023333333333333334,1,feature_noise,38
0.030080588319084185,0.028409641407362685,0.028601076786311408,0.033231046763578465,0.45,0.02666666666666667,1,feature_noise,39
0.03077975158967783,0.029044315760931028,0.029282616308036524,0.03401232270006593,0.45,0.02666666666666667,1,feature_noise,40
0.03147339370025726,0.02967182289931869,0.029959755516569375,0.03478860268488371,0.45,0.02666666666666667,1,feature_noise,41
0.032161282273024984,0.030292458915560316,0.03063206138742891,0.03555932651608573,0.45,0.02666666666666667,1,feature_noise,42
0.03284321545320945,0.030905846067330933,0.03129945562514069,0.03632434466715673,0.45,0.02666666666666667,1,feature_noise,43
0.03351956569822834,0.03151217127956596,0.031962353083785144,0.03708417273133391,0.45,0.02666666666666667,1,feature_noise,44
0.03419007593466824,0.032111282355438586,0.03262047123104317,0.037838474217522955,0.45,0.02666666666666667,1,feature_noise,45
0.0348548730253635,0.032703386093749565,0.03327391161889681,0.038587321363444116,0.45,0.02666666666666667,1,feature_noise,46
0.035513769361836,0.033288309932727356,0.033922543462653,0.039330454690127636,0.45,0.02666666666666667,1,feature_noise,47
0.036166595863150595,0.03386601884509799,0.034566171349834196,0.040067597394519594,0.45,0.02666666666666667,1,feature_noise,48
0.03681652624879957,0.034445886716380714,0.035204840703439655,0.040798851326578345,0.45,0.03,1,feature_noise,49
0.03746442738627961,0.035033166449453645,0.03583707358095334,0.04152304212843183,0.45,0.03,1,feature_noise,50
0.038106009708442135,0.035613148901806,0.03646399672210521,0.042240883501415194,0.45,0.03,1,feature_noise,51
0.03874099078208885,0.036185517363012565,0.037085362974196845,0.04295209200905714,0.45,0.03,1,feature_noise,52
0.03936992642038417,0.03675073758853076,0.037701686501462106,0.04365735517115965,0.45,0.03,1,feature_noise,53
0.03999242103571136,0.03730855911475994,0.03831259809618659,0.04435610589618755,0.45,0.03,1,feature_noise,54
0.04060845017776704,0.03785914435281712,0.03891807303700412,0.045048133143479885,0.45,0.03,1,feature_noise,55
0.04121798043442615,0.03840224599729125,0.03951806808677216,0.045733627219215034,0.45,0.03,1,feature_noise,56
0.04182090399641447,0.03893796320665588,0.040112481825660296,0.04641226695692724,0.45,0.03,1,feature_noise,57
0.042417399396748046,0.03946631104358844,0.04070146604728919,0.0470844210993665,0.45,0.03,1,feature_noise,58
0.04300744999112923,0.039987331489358624,0.04128505678029304,0.04774996170373602,0.45,0.03,1,feature_noise,59
0.0,0.0,0.0,0.0,0.35,0.0,1,edge_add,0
0.00038466010999604894,0.00035616450303677105,0.00038276581787044517,0.0004150500090809306,0.35,0.0033333333333333335,1,edge_add,1
0.0007700265650062802,0.0007114873156276458,0.000767415202235,0.0008311771771561949,0.35,0.0033333333333333335,1,edge_add,2
0.0011557127677612373,0.0010664980794858891,0.0011525906683065301,0.001248049555491293,0.35,0.0033333333333333335,1,edge_add,3
0.0015411475015263039,0.0014204990403806628,0.0015377749508708183,0.0016651685133274308,0.35,0.0033333333333333335,1,edge_add,4
0.0019266065339645921,0.0017739228427429143,0.0019231908617015625,0.0020827058974492996,0.35,0.0033333333333333335,1,edge_add,5
0.0023123098395189854,0.0021268969115403324,0.002309080975702593,0.00250095163131403,0.35,0.0033333333333333335,1,edge_add,6
0.0026982049295567467,0.0024793091568071635,0.002695413557031845,0.002919892074831232,0.35,0.0033333333333333335,1,edge_add,7
0.0030842533525280067,0.002831172752511657,0.0030821364435329457,0.003339450861539417,0.35,0.0033333333333333335,1,edge_add,8
0.0034702320664993604,0.003182133810400334,0.0034690751132598896,0.0037594872758378584,0.35,0.0033333333333333335,1,edge_add,9
0.0038573213636891035,0.0035356620437394515,0.0038562972560984843,0.004180004791229375,0.35,0.006666666666666667,1,edge_add,10
0.004245279930105002,0.0038894323971883082,0.004244295160460099,0.0046021122326666,0.35,0.006666666666666667,1,edge_add,11
0.004633748219580551,0.004242896636807658,0.004633056873157959,0.005025291148776034,0.35,0.006666666666666667,1,edge_add,12
0.005022009788809438,0.00459549524691627,0.005021836991750517,0.005448697127761526,0.35,0.006666666666666667,1,edge_add,13
0.005410356386447601,0.004947403755318325,0.00541096033177435,0.005872705072250128,0.35,0.006666666666666667,1,edge_add,14
0.005798800825767447,0.005298733168947578,0.005800409425859909,0.0062972598824948545,0.35,0.006666666666666667,1,edge_add,15
0.006187118536060465,0.005649236887196318,0.00618997299473345,0.006722145726251627,0.35,0.006666666666666667,1,edge_add,16
0.006575651125144281,0.005998928652164559,0.006580803032147031,0.007147221691121253,0.35,0.01,1,edge_add,17
0.006965885175617137,0.0063478126860432305,0.006975601399642373,0.007574241441165808,0.35,0.01,1,edge_add,18
0.007355997275733994,0.006695785388833753,0.007370591300164708,0.008001615138203522,0.35,0.01,1,edge_add,19
0.007746053797514881,0.00704285081245315,0.007765863509908599,0.008429447070182894,0.35,0.01,1,edge_add,20
0.008136042591996814,0.007389142142901428,0.008161351391712701,0.008857634241376311,0.35,0.01,1,edge_add,21
0.008525834021613036,0.007734396331221971,0.008556980539503822,0.009286125194113315,0.35,0.01,1,edge_add,22
0.008915523837113729,0.0080787581675702,0.008952831981686282,0.009714981362084707,0.35,0.01,1,edge_add,23
0.00930536812570082,0.008422288296652813,0.009349223111302374,0.01014459296914727,0.35,0.01,1,edge_add,24
0.009695094188397313,0.008764914317991646,0.009745818267146045,0.010574549980054249,0.35,0.01,1,edge_add,25
0.010084626361549054,0.009106516203483461,0.010142562944749134,0.011004799936414567,0.35,0.01,1,edge_add,26
0.010474451594171189,0.009447345969561205,0.010540015693779714,0.01143599311917265,0.35,0.01,1,edge_add,27
0.01086432788093857,0.009787309446121828,0.010937889071072071,0.01186778512562181,0.35,0.01,1,edge_add,28
0.011254277874853594,0.010126391390529732,0.011336224014809604,0.012300218219221448,0.35,0.01,1,edge_add,29
0.011644369125146362,0.010464523127853065,0.011735137961107811,0.012733446286478212,0.35,0.01,1,edge_add,30
0.012034248589511187,0.010801542389556329,0.012134216369309225,0.013166987009668008,0.35,0.01,1,edge_add,31
0.012424117585363806,0.011137485580738682,0.012533721556820088,0.01360114561853265,0.35,0.01,1,edge_add,32
0.01281376775534023,0.011472343634088666,0.012933379230560704,0.014035580401371317,0.35,0.01,1,edge_add,33
0.013203152050784558,0.011805973034139439,0.01333317915180754,0.014470303966406695,0.35,0.01,1,edge_add,34
0.013592296421225355,0.012138423048062008,0.01373314063309361,0.014905325582520446,0.35,0.01,1,edge_add,35
0.013981313312397159,0.0124695536956696,0.01413328317753737,0.015341103063984507,0.35,0.013333333333333334,1,edge_add,36
0.01437083560823619,0.012798805120155299,0.014533860409906785,0.01577984129464649,0.35,0.013333333333333334,1,edge_add,37
0.014760115912275293,0.013126833953785666,0.01493460583914219,0.01621890794389802,0.35,0.013333333333333334,1,edge_add,38
0.0151492619342762,0.013453541471700747,0.015335697156402373,0.01665854717472548,0.35,0.013333333333333334,1,edge_add,39
0.015538388537873557,0.013779107875983021,0.01573722606259198,0.017098831675045667,0.35,0.013333333333333334,1,edge_add,40
0.01593103493024402,0.014103284741071254,0.016138728576604033,0.01755109147305678,0.35,0.016666666666666666,1,edge_add,41
0.01632424328791667,0.014425069054263662,0.016542024856972315,0.018005635952514032,0.35,0.02,1,edge_add,42
0.016719579224658204,0.014744898277085805,0.016952747175188798,0.018461092221700004,0.35,0.02,1,edge_add,43
0.01711454505277858,0.015063111123445716,0.017363620372779942,0.018916903662110074,0.35,0.02,1,edge_add,44
0.017509448924497312,0.015379919310512857,0.017774957064396246,0.019373470398582837,0.35,0.02,1,edge_add,45
0.01790371469738135,0.015694977599367,0.01818612556026511,0.01983004093251195,0.35,0.02,1,edge_add,46
0.018297583865649763,0.0160083837766144,0.018597422278575193,0.020286945541759693,0.35,0.02,1,edge_add,47
0.01869106558526405,0.0163201415530555,0.019008855281211656,0.020744199921524986,0.35,0.02,1,edge_add,48
0.019084127139162705,0.01663009269931337,0.01942043612901012,0.021201852589164627,0.35,0.02,1,edge_add,49
0.01947667111348113,0.016938198964050688,0.01983205680218092,0.02165975757421179,0.35,0.02,1,edge_add,50
0.01986873442577819,0.01724460224514679,0.020243730441830254,0.022117870590357525,0.35,0.02,1,edge_add,51
0.02026039033651143,0.017549131847710675,0.020655594623866125,0.022576444537957485,0.35,0.02,1,edge_add,52
0.020651327970999,0.01785191783984119,0.021067232555385118,0.023034833517770692,0.35,0.02,1,edge_add,53
0.021041888195311793,0.01815270707048744,0.021479140100153615,0.023493817415294327,0.35,0.02,1,edge_add,54
0.021431679908916628,0.018451436157671308,0.021890846211248483,0.02395275735783009,0.35,0.02,1,edge_add,55
0.02182052815837295,0.01874803639206135,0.022302151194815933,0.024411396888241566,0.35,0.02,1,edge_add,56
0.022208450414052432,0.019042495823811345,0.022713096490038387,0.02486975892830756,0.35,0.02,1,edge_add,57
0.02259545932449854,0.019334793931933936,0.02312370043441281,0.025327883607148882,0.35,0.02,1,edge_add,58
0.022981732335613514,0.019624990055364777,0.023534162199640996,0.02578604475183477,0.35,0.02,1,edge_add,59
0.0,0.0,0.0,0.0,0.5,0.0,1,homophily_shift,0
0.00012227514592647962,0.00013081407952231228,0.00012841365824639572,0.00010759770001073088,0.5,0.0,1,homophily_shift,1
0.0002448896775462672,0.0002622534074464,0.0002569502469828011,0.00021546537820960054,0.5,0.0,1,homophily_shift,2
0.0003683372983381468,0.00039489427243583064,0.00038618156781139445,0.00032393605476721543,0.5,0.0,1,homophily_shift,3
0.000492045931566191,0.0005279543999279768,0.0005158021160930892,0.0004323812786775072,0.5,0.0,1,homophily_shift,4
0.0006163094675628589,0.0006619939110434347,0.0006455935196151841,0.0005413409720299578,0.5,0.0,1,homophily_shift,5
0.0007409823078959507,0.0007966303390122831,0.0007758821868578125,0.0006504343978177562,0.5,0.0,1,homophily_shift,6
0.0008662742634736506,0.0009322676470052138,0.0009065652660198431,0.0007599898773958946,0.5,0.0,1,homophily_shift,7
0.0009922783813723728,0.00106941604351235,0.0010375047880865629,0.0008699143125182052,0.5,0.0033333333333333335,1,homophily_shift,8
0.0011236201696350017,0.0012204562625049986,0.0011672870994978157,0.0009831171469021904,0.5,0.0033333333333333335,1,homophily_shift,9
0.001255496309749508,0.0013724709967491422,0.0012973032181173294,0.0010967147143820521,0.5,0.0033333333333333335,1,homophily_shift,10
0.0013878115002532814,0.0015252196727036371,0.0014277644972812142,0.0012104503307749925,0.5,0.0033333333333333335,1,homophily_shift,11
0.0015209350957579397,0.001679435441646393,0.0015585585759445575,0.0013248112696828684,0.5,0.0033333333333333335,1,homophily_shift,12
0.0016582409044246793,0.001843026391286695,0.0016922513136528594,0.0014394450083344834,0.5,0.01,1,homophily_shift,13
0.0017985793457781136,0.0020101980678202125,0.0018306565881633374,0.0015548833813507912,0.5,0.01,1,homophily_shift,14
0.0019415976565934818,0.0021788057963017526,0.0019693905793140565,0.0016765965941646366,0.5,0.013333333333333334,1,homophily_shift,15
0.002088642428797823,0.002352877898018968,0.0021080345803817235,0.0018050148079927775,0.5,0.016666666666666666,1,homophily_shift,16
0.0022407645156658127,0.00253358907924478,0.002247757877568979,0.0019409465901836787,0.5,0.02,1,homophily_shift,17
0.0023962769547094163,0.0027167302732549747,0.002386574845594569,0.0020855257452787046,0.5,0.02,1,homophily_shift,18
0.0025524070728708548,0.002901068732299339,0.002525241822547819,0.0022309106637654064,0.5,0.02,1,homophily_shift,19
0.0027095454829874264,0.003086942157869532,0.002664529404479976,0.0023771648866127704,0.5,0.02,1,homophily_shift,20
0.002867676566563245,0.0032744875991437272,0.002804162156092971,0.002524379944453037,0.5,0.02,1,homophily_shift,21
0.003029215371252244,0.0034632766985811525,0.002944082704225748,0.0026802867109498307,0.5,0.023333333333333334,1,homophily_shift,22
0.003196953714113234,0.003662459397792528,0.003084204052488604,0.00284419769205857,0.5,0.02666666666666667,1,homophily_shift,23
0.003368668140674602,0.003870787163042455,0.0032246246570554193,0.003010592601925932,0.5,0.03333333333333333,1,homophily_shift,24
0.0035518636110225175,0.0040930708014725314,0.003372722195673583,0.0031897978359214374,0.5,0.03666666666666667,1,homophily_shift,25
0.0037384246052640977,0.004319657047580194,0.0035203037469903053,0.003375313021221793,0.5,0.03666666666666667,1,homophily_shift,26
0.003925719702739268,0.004547555993221486,0.0036678799099718606,0.0035617232050244585,0.5,0.03666666666666667,1,homophily_shift,27
0.004118355194834611,0.0047819544853397455,0.003815560295389764,0.0037575508037743233,0.5,0.043333333333333335,1,homophily_shift,28
0.004318819460788863,0.005028300123309792,0.0039671340293960244,0.00396102422966077,0.5,0.04666666666666667,1,homophily_shift,29
0.0045249801562403475,0.005279519172290914,0.004126311374252123,0.004169109922178005,0.5,0.04666666666666667,1,homophily_shift,30
0.004732495249454312,0.005532710789843132,0.0042861768274984335,0.004378598131021372,0.5,0.04666666666666667,1,homophily_shift,31
0.004941797323706846,0.00578866860004168,0.0044464938190413306,0.004590229552037528,0.5,0.04666666666666667,1,homophily_shift,32
0.005152373022735228,0.006046675967820381,0.004607058494953464,0.004803384605431837,0.5,0.04666666666666667,1,homophily_shift,33
0.005364372837214841,0.00630693783518943,0.004767871328228923,0.005018309348226169,0.5,0.04666666666666667,1,homophily_shift,34
0.005583463964597468,0.0065866881873219985,0.004929027311448675,0.005234676395021731,0.5,0.05,1,homophily_shift,35
0.005808018267605168,0.0068725645945513225,0.005096081958849252,0.005455408249414928,0.5,0.05333333333333334,1,homophily_shift,36
0.006038024667536723,0.007163427836969993,0.005271361156916232,0.005679285008723944,0.5,0.05333333333333334,1,homophily_shift,37
0.006272016150110545,0.007456593773200626,0.005446965087073152,0.005912489590057857,0.5,0.056666666666666664,1,homophily_shift,38
0.006513380229217307,0.007754954931287139,0.005622265108230773,0.006162920648134007,0.5,0.056666666666666664,1,homophily_shift,39
0.0067559992170895256,0.008055391554361357,0.005797523047845532,0.006415083049061687,0.5,0.056666666666666664,1,homophily_shift,40
0.0069999739301779456,0.008358110018987064,0.005972671722340173,0.006669140049206601,0.5,0.056666666666666664,1,homophily_shift,41
0.007245953327077799,0.00866380133668243,0.00614846830956417,0.0069255903349867975,0.5,0.056666666666666664,1,homophily_shift,42
0.007500154203740543,0.008991931713257129,0.006324163318412901,0.007184367579551598,0.5,0.06,1,homophily_shift,43
0.007759181944026768,0.009330512484938824,0.006497386162022445,0.007449647185119035,0.5,0.06333333333333334,1,homophily_shift,44
0.008021673989931255,0.009676586641517604,0.006668773262932193,0.0077196620653439685,0.5,0.06333333333333334,1,homophily_shift,45
0.008286854068949856,0.01002543839546316,0.0068434008314705586,0.00799172297991585,0.5,0.06666666666666667,1,homophily_shift,46
0.008554193380686267,0.010378277481089826,0.007017361690119073,0.008266940970849901,0.5,0.06666666666666667,1,homophily_shift,47
0.008830355931627473,0.010753543144417954,0.007193107367241103,0.00854441728322336,0.5,0.07666666666666666,1,homophily_shift,48
0.009120205253273525,0.011147817455322284,0.007369475064696318,0.00884332323980197,0.5,0.08333333333333333,1,homophily_shift,49
0.009417557431798637,0.011549979604759342,0.0075483032153289,0.009154389475307667,0.5,0.08333333333333333,1,homophily_shift,50
0.009726601064629803,0.01195648968036811,0.007735604481057645,0.009487709032463654,0.5,0.09333333333333334,1,homophily_shift,51
0.010045597018266147,0.01237102155234987,0.007925486839551354,0.009840282662897215,0.5,0.09333333333333334,1,homophily_shift,52
0.010366843647475643,0.012789098757399253,0.008115252871543854,0.010196179313483822,0.5,0.09333333333333334,1,homophily_shift,53
0.010696627049153288,0.013210522826995252,0.00832423051925274,0.010555127801211872,0.5,0.1,1,homophily_shift,54
0.011033585550490332,0.013639670461882025,0.008540811372502954,0.010920274817086018,0.5,0.1,1,homophily_shift,55
0.011373341253460493,0.014072946737090142,0.008757697967755329,0.011289379055536009,0.5,0.1,1,homophily_shift,56
0.011715101543132453,0.014509419876260587,0.00897431995741943,0.011661564795717339,0.5,0.1,1,homophily_shift,57
0.012060301801051646,0.01495092064313902,0.00919154309892889,0.01203844166108703,0.5,0.1,1,homophily_shift,58
0.012407312804772566,0.015395318213771325,0.009408519335717569,0.012418100864828807,0.5,0.1,1,homophily_shift,59
0.0,0.0,0.0,0.0,0.45,0.0,2,feature_noise,0
0.0008528857965816409,0.0007914523749630309,0.0008645164599326849,0.000902688554849207,0.45,0.0,2,feature_noise,1
0.0016995457448080176,0.0015765736956807608,0.001723015135203454,0.001799048403539838,0.45,0.0,2,feature_noise,2
0.002539895731757983,0.0023552291536061976,0.0025756345488119337,0.0026888234928558186,0.45,0.0,2,feature_noise,3
0.0033741395911404868,0.0031279171529294825,0.0034221636106880338,0.0035723380098039437,0.45,0.0,2,feature_noise,4
0.004202301033662555,0.003894491049211024,0.004262550170840762,0.004449861880935879,0.45,0.0,2,feature_noise,5
0.00502437114954668,0.004654531098420622,0.005097103651721668,0.00532147869849775,0.45,0.0,2,feature_noise,6
0.005840313130436758,0.005408801788325479,0.005925660143578426,0.00618647745940637,0.45,0.0,2,feature_noise,7
0.006650054264472775,0.006156425271207966,0.006748205085250425,0.007045532436959934,0.45,0.0,2,feature_noise,8
0.007453692302345272,0.006897800165391765,0.00756485828459863,0.00789841845704542,0.45,0.0,2,feature_noise,9
0.008251213839771157,0.007633290110834023,0.008375469188626528,0.008744882219852923,0.45,0.0,2,feature_noise,10
0.009042666158957583,0.008362791900412003,0.009180051111926657,0.00958515546453409,0.45,0.0,2,feature_noise,11
0.009828041803743784,0.009086344511359035,0.009978723206138462,0.010419057693733857,0.45,0.0,2,feature_noise,12
0.010607348415796691,0.009803577948035214,0.010771402569372701,0.011247064729982159,0.45,0.0,2,feature_noise,13
0.011380595217694078,0.010514698138934575,0.011558197433232165,0.012068890080915495,0.45,0.0,2,feature_noise,14
0.012147868556636965,0.011220050326713138,0.012338983942975612,0.012884571400222145,0.45,0.0,2,feature_noise,15
0.012909213608205258,0.011919904409055881,0.013113954054603694,0.013693782360956197,0.45,0.0,2,feature_noise,16
0.013664509405004152,0.012613437482722256,0.013882920719897052,0.014497170012393146,0.45,0.0,2,feature_noise,17
0.014413806423671738,0.013301087819576174,0.014646190335413811,0.015294141116025228,0.45,0.0,2,feature_noise,18
0.015157155888128307,0.013982999433480359,0.015403598464671542,0.016084869766233023,0.45,0.0,2,feature_noise,19
0.015894660806757388,0.014659037405346687,0.016155130393549766,0.01686981462137571,0.45,0.0,2,feature_noise,20
0.016626196188491555,0.015329381294957645,0.016900901297186133,0.01764830597333089,0.45,0.0,2,feature_noise,21
0.017351982341630157,0.01599410099845533,0.017640867783039083,0.018420978243396058,0.45,0.0,2,feature_noise,22
0.01807191493806422,0.016653226228410034,0.0183751571122176,0.019187361473565034,0.45,0.0,2,feature_noise,23
0.018786003120986067,0.017306572310529456,0.019103674072113774,0.019947762980314976,0.45,0.0,2,feature_noise,24
0.019494253465266415,0.017954023836935007,0.01982646487582984,0.0207022716830344,0.45,0.0,2,feature_noise,25
0.02019681461165405,0.01859604972140183,0.02054347679381785,0.02145091731974247,0.45,0.0,2,feature_noise,26
0.020893640752785103,0.019232821480530404,0.02125493427034264,0.022193166507482265,0.45,0.0,2,feature_noise,27
0.021584830819447582,0.019864068376218014,0.0219606794361491,0.022929744645975636,0.45,0.0,2,feature_noise,28
0.022270394185870106,0.020489853623533838,0.022660838241610803,0.023660490692465674,0.45,0.0,2,feature_noise,29
0.02295019667563018,0.021110069127127207,0.023355515251004655,0.024385005648758673,0.45,0.0,2,feature_noise,30
0.02362432149003435,0.021724616000412866,0.024044654725472125,0.02510369374421806,0.45,0.0,2,feature_noise,31
0.024293023401279406,0.0223341687195745,0.024728225722014607,0.02581667576224911,0.45,0.0,2,feature_noise,32
0.024956122595095536,0.022938011944276804,0.025406226104163987,0.026524129736845814,0.45,0.0,2,feature_noise,33
0.025613792799385176,0.023537071666245857,0.0260787781480587,0.027225528583850966,0.45,0.0,2,feature_noise,34
0.026265985928344282,0.02413055434271938,0.026745930333351264,0.027921473108962203,0.45,0.0,2,feature_noise,35
0.02691257591107717,0.02471846506029718,0.027407741994096235,0.028611520678838098,0.45,0.0,2,feature_noise,36
0.027553913137873143,0.02530183473401404,0.02806426284952246,0.02929564183008293,0.45,0.0,2,feature_noise,37
0.02818986906843679,0.025879841328398046,0.028715376327580144,0.02997438954933218,0.45,0.0,2,feature_noise,38
0.028820451896058048,0.026452655797309155,0.02936104967591424,0.03064765021495075,0.45,0.0,2,feature_noise,39
0.029445797164738458,0.027020471868935414,0.03000147828343125,0.031315441341848715,0.45,0.0,2,feature_noise,40
0.03006586860171619,0.0275834990509779,0.030636680736869093,0.03197742601730158,0.45,0.0,2,feature_noise,41
0.030680705530863144,0.028141823249824505,0.03126675604223428,0.032633537300530646,0.45,0.0,2,feature_noise,42
0.03129042505040321,0.028695074674581322,0.03189182433709137,0.03328437613953694,0.45,0.0,2,feature_noise,43
0.03189492946818032,0.02924331023818305,0.03251160389279184,0.033929874273566085,0.45,0.0,2,feature_noise,44
0.032494415406389233,0.02978693270681998,0.033126345045053296,0.03456996846729443,0.45,0.0,2,feature_noise,45
0.03308882075534395,0.030326000760511507,0.03373604145583364,0.03520442004968671,0.45,0.0,2,feature_noise,46
0.033678136682605185,0.0308599347360633,0.03434065658386587,0.03583381872788638,0.45,0.0,2,feature_noise,47
0.034262446712182516,0.031389151236810076,0.03494017107450087,0.03645801782523661,0.45,0.0,2,feature_noise,48
0.034841778082813045,0.03191379569335695,0.03553489631879925,0.03707664223628293,0.45,0.0,2,feature_noise,49
0.03541618720273839,0.03243379417359005,0.036124632765849984,0.03769013466877513,0.45,0.0,2,feature_noise,50
0.03598556781884114,0.03294887819302339,0.03670963594806387,0.03829818931543616,0.45,0.0,2,feature_noise,51
0.036550211913509045,0.03345975917873556,0.03728973783159284,0.03890113873019874,0.45,0.0,2,feature_noise,52
0.037109965833368265,0.03396587597152223,0.037865077081029375,0.0394989444475532,0.45,0.0,2,feature_noise,53
0.03766498716763933,0.03446764423367188,0.03843554824264617,0.040091769026599944,0.45,0.0,2,feature_noise,54
0.03821528217579399,0.03496485040323849,0.03900128550423032,0.040679710619913156,0.45,0.0,2,feature_noise,55
0.0387609355755771,0.03545793917748885,0.03956220940521127,0.041262658144031183,0.45,0.0,2,feature_noise,56
0.03930181128209701,0.03594633985889972,0.04011860294960612,0.0418404910377852,0.45,0.0,2,feature_noise,57
0.03983817462886933,0.03643080080587424,0.040670260198770514,0.04241346288196324,0.45,0.0,2,feature_noise,58
0.04036978932192129,0.03691054090694168,0.041217418307786136,0.042981408751036065,0.45,0.0,2,feature_noise,59
0.0,0.0,0.0,0.0,0.35,0.0,2,edge_add,0
0.0006242093345541303,0.0007525572156198423,0.0005294392020864791,0.0005906315859560696,0.35,0.0,2,edge_add,1
0.0012470638883019802,0.0015047486112547137,0.00105701349667775,0.001179429556973477,0.35,0.0,2,edge_add,2
0.0018684486567448477,0.0022566238421825036,0.0015825475610244943,0.0017661745670275453,0.35,0.0,2,edge_add,3
0.0024884554798464778,0.0030082852640620494,0.002106076992886896,0.002351004182590488,0.35,0.0,2,edge_add,4
0.003106854533698966,0.0037595990390620893,0.00262732823224332,0.002933636329791489,0.35,0.0,2,edge_add,5
0.00372394866146164,0.004510962424036147,0.003146547591702187,0.003514335968646587,0.35,0.0,2,edge_add,6
0.0043396120887138805,0.005261839709552629,0.00366389505311715,0.004093101503471863,0.35,0.0,2,edge_add,7
0.004953560269150577,0.006012213303791758,0.0041788725301070695,0.004669594973552904,0.35,0.0,2,edge_add,8
0.0055662364360299366,0.006762665328715056,0.004691862071831809,0.005244181907542944,0.35,0.0,2,edge_add,9
0.0061773952137479755,0.007513346689612677,0.005202401694749836,0.005816437256881413,0.35,0.0,2,edge_add,10
0.006786762525104462,0.008263254992685876,0.005710655763569328,0.0063863768190581816,0.35,0.0,2,edge_add,11
0.007394445296731426,0.009012524949049805,0.006216699051126429,0.006954111890018044,0.35,0.0,2,edge_add,12
0.00800033151415395,0.009761281694767199,0.00672030044501537,0.007519412402679282,0.35,0.0,2,edge_add,13
0.008604555490653754,0.010509568077073483,0.007221624840715091,0.008082473554172687,0.35,0.0,2,edge_add,14
0.009206947237910231,0.0112571776979139,0.007720524179698374,0.008643139836118419,0.35,0.0,2,edge_add,15
0.009807536420936644,0.012004503209525619,0.00821682530077339,0.00920128075251092,0.35,0.0,2,edge_add,16
0.010408393818587566,0.012757389165329203,0.008710760713117605,0.009757031577315889,0.35,0.0033333333333333335,2,edge_add,17
0.011011312821582889,0.013522899538599531,0.009201601208739474,0.010309437717409664,0.35,0.0033333333333333335,2,edge_add,18
0.011612389974029802,0.014288327931971212,0.009689633394111108,0.010859208596007086,0.35,0.0033333333333333335,2,edge_add,19
0.01221144590979617,0.015053246148996613,0.010174936635983012,0.011406154944408886,0.35,0.0033333333333333335,2,edge_add,20
0.012808416470627507,0.015817172994273654,0.010657623780825798,0.011950452636783071,0.35,0.0033333333333333335,2,edge_add,21
0.013403553253504471,0.01658132216658903,0.011137359305694927,0.012491978288229455,0.35,0.0033333333333333335,2,edge_add,22
0.013996575145394355,0.01734435297079584,0.011614578359283367,0.01303079410610386,0.35,0.0033333333333333335,2,edge_add,23
0.014587875391570138,0.018107776363756045,0.01208902033718573,0.013566829473768638,0.35,0.0033333333333333335,2,edge_add,24
0.015176828695980879,0.018869978816622557,0.012560546506152681,0.014099960765167396,0.35,0.0033333333333333335,2,edge_add,25
0.015763679677882874,0.019631707021780187,0.013029209745209491,0.01463012226665894,0.35,0.0033333333333333335,2,edge_add,26
0.016348147968678117,0.020392598759398695,0.01349475120368182,0.015157093942953836,0.35,0.0033333333333333335,2,edge_add,27
0.016930016471206916,0.021151846396326612,0.013957247733932365,0.015680955283361775,0.35,0.0033333333333333335,2,edge_add,28
0.017509687097994348,0.02191046143942388,0.014416833337251744,0.016201766517307425,0.35,0.0033333333333333335,2,edge_add,29
0.018090753440226814,0.022668193610354215,0.014873371699884341,0.016730695010441887,0.35,0.006666666666666667,2,edge_add,30
0.018670567497271213,0.023428289697243976,0.015325398969411763,0.017258013825157903,0.35,0.006666666666666667,2,edge_add,31
0.019250529221828166,0.024187329313013595,0.015781863502523752,0.017782394849947147,0.35,0.01,2,edge_add,32
0.0198296491718107,0.02494625690243535,0.016239914349040818,0.018302776263955933,0.35,0.01,2,edge_add,33
0.02040628461275018,0.02570428135151892,0.016694694643952235,0.018819877842779387,0.35,0.01,2,edge_add,34
0.02098330944282556,0.026460519299782548,0.017155968848366898,0.019333440180327233,0.35,0.013333333333333334,2,edge_add,35
0.02155896990017207,0.027217227537390976,0.017616924066713113,0.019842758096412116,0.35,0.013333333333333334,2,edge_add,36
0.02213204857415803,0.02797248808848518,0.018074911895541113,0.020348745738447804,0.35,0.013333333333333334,2,edge_add,37
0.02270250389255098,0.02872665156333576,0.01852965837936693,0.020851201734950253,0.35,0.013333333333333334,2,edge_add,38
0.023270149039108696,0.02947901395737218,0.01898130926539421,0.021350123894559703,0.35,0.013333333333333334,2,edge_add,39
0.02383485694416254,0.03022972965069526,0.019429555578276303,0.021845285603516063,0.35,0.013333333333333334,2,edge_add,40
0.024396428567837452,0.030978410129747114,0.019874320847968807,0.02233655472579643,0.35,0.013333333333333334,2,edge_add,41
0.024954865672751958,0.03172457195460321,0.02031587376096511,0.022824151302687556,0.35,0.013333333333333334,2,edge_add,42
0.025510226101777556,0.03246876610406135,0.020754002575517405,0.02330790962575391,0.35,0.013333333333333334,2,edge_add,43
0.026062759438758687,0.0332118583817661,0.021188614440928677,0.023787805493581282,0.35,0.013333333333333334,2,edge_add,44
0.026612049369435398,0.03395243355734645,0.02161986839187724,0.024263846159082503,0.35,0.013333333333333334,2,edge_add,45
0.02715807685980794,0.034690982741955256,0.022047468511517843,0.024735779325950724,0.35,0.013333333333333334,2,edge_add,46
0.027700812961472015,0.035427417327714705,0.02247141643433226,0.025203605122369077,0.35,0.013333333333333334,2,edge_add,47
0.028240371316809638,0.03616212025971255,0.02289169236934685,0.025667301321369518,0.35,0.013333333333333334,2,edge_add,48
0.028776392151430907,0.03689388837702878,0.02330840541844148,0.02612688265882246,0.35,0.013333333333333334,2,edge_add,49
0.029308565719615303,0.03762251298909469,0.023721157160160544,0.02658202700959067,0.35,0.013333333333333334,2,edge_add,50
0.029837127964884098,0.038348188576667885,0.024130255491930486,0.027032939826053926,0.35,0.013333333333333334,2,edge_add,51
0.030361955821564795,0.039071000107842924,0.02453542242204565,0.027479444934805808,0.35,0.013333333333333334,2,edge_add,52
0.030885161599897997,0.0397975911385795,0.02493654429569936,0.027921349365415127,0.35,0.016666666666666666,2,edge_add,53
0.03141061811030462,0.04054137821340609,0.025332642393338878,0.02835783372416889,0.35,0.016666666666666666,2,edge_add,54
0.03193215770489344,0.04128211792518566,0.02572468849764553,0.028789666691849125,0.35,0.016666666666666666,2,edge_add,55
0.03244975761815235,0.042019531193332016,0.02611278046349952,0.029216961197625513,0.35,0.016666666666666666,2,edge_add,56
0.03296322353853879,0.04275331378815228,0.026496804637662796,0.0296395521898013,0.35,0.016666666666666666,2,edge_add,57
0.03347304907901202,0.04348396432410617,0.026876492422570175,0.030058690490359696,0.35,0.02,2,edge_add,58
0.033983804128396154,0.04421231130342562,0.02725104905021558,0.030488052031547253,0.35,0.02,2,edge_add,59
0.0,0.0,0.0,0.0,0.5,0.0,2,homophily_shift,0
0.0001950147906595682,0.0001597617087458203,0.00016595307663058723,0.0002593295866022971,0.5,0.006666666666666667,2,homophily_shift,1
0.00040207307538259185,0.0003211435341702873,0.00034112004615582947,0.0005439556458216588,0.5,0.016666666666666666,2,homophily_shift,2
0.0006161143501009861,0.0004835169394985517,0.0005222662293754565,0.0008425598814289503,0.5,0.02,2,homophily_shift,3
0.0008327143079229401,0.0006489366509489503,0.0007038443650274617,0.0011453619077924082,0.5,0.023333333333333334,2,homophily_shift,4
0.0010603804466678597,0.0008338391507144993,0.0008943115365432908,0.0014529906527457892,0.5,0.02666666666666667,2,homophily_shift,5
0.0012918490945428112,0.001019850915644549,0.0010901592819347883,0.001765537086049096,0.5,0.03,2,homophily_shift,6
0.0015291734471929257,0.0012063013776956177,0.001295334529015535,0.002085884434867624,0.5,0.03666666666666667,2,homophily_shift,7
0.0017707662159956266,0.0013943712734330038,0.001503088499421823,0.0024148388751320526,0.5,0.03666666666666667,2,homophily_shift,8
0.002013710831869353,0.0015829367071817924,0.0017112020141225592,0.0027469937743037076,0.5,0.03666666666666667,2,homophily_shift,9
0.0022594628886483856,0.0017771840058727895,0.0019194234757473616,0.0030817811843250054,0.5,0.04,2,homophily_shift,10
0.002515182380452452,0.001993963399963272,0.002128418317058123,0.003423165424335961,0.5,0.043333333333333335,2,homophily_shift,11
0.002775150491438949,0.002219234789266389,0.00233772917965136,0.0037684875053990985,0.5,0.043333333333333335,2,homophily_shift,12
0.003035694727017757,0.0024448254122022006,0.002546692618037527,0.004115566150813543,0.5,0.043333333333333335,2,homophily_shift,13
0.003297685271811642,0.0026713788956729267,0.002755977981651725,0.004465698938110274,0.5,0.043333333333333335,2,homophily_shift,14
0.0035613477905934907,0.002898963249987785,0.002965616127077464,0.004819463994715223,0.5,0.043333333333333335,2,homophily_shift,15
0.003826434053893213,0.0031275139725138734,0.003175483629668685,0.00517630455949708,0.5,0.043333333333333335,2,homophily_shift,16
0.004094050597415373,0.0033597610828693947,0.003385544264486784,0.005536846444889942,0.5,0.04666666666666667,2,homophily_shift,17
0.004372532702339856,0.0036059919685174635,0.0035961431372056873,0.005915463001296417,0.5,0.05,2,homophily_shift,18
0.004659763392304284,0.0038606653666333757,0.0038072750012082546,0.0063113498090712206,0.5,0.05333333333333334,2,homophily_shift,19
0.0049522568337622514,0.00412448099637569,0.004019263447070709,0.0067130260578403544,0.5,0.056666666666666664,2,homophily_shift,20
0.005254212166421783,0.004410056061567802,0.00423223013917573,0.007120350298521816,0.5,0.06,2,homophily_shift,21
0.0055671412482320255,0.004709260693341988,0.004458760184282484,0.0075334028670716036,0.5,0.06333333333333334,2,homophily_shift,22
0.005884768636849003,0.005010855591613628,0.004691016335193976,0.007952433983739404,0.5,0.06333333333333334,2,homophily_shift,23
0.006209323826600925,0.005313892237344742,0.004923586164070737,0.008390493078387296,0.5,0.06666666666666667,2,homophily_shift,24
0.00653862709972249,0.005619801690741555,0.005158353029531715,0.0088377265788942,0.5,0.07,2,homophily_shift,25
0.0068739604734811555,0.0059351750518079616,0.005398024811173463,0.009288681557462042,0.5,0.07,2,homophily_shift,26
0.007224027113433303,0.006278891164472056,0.005647307934970369,0.009745882240857484,0.5,0.07666666666666666,2,homophily_shift,27
0.007580053222150755,0.00662767162493888,0.005901565768422934,0.01021092227309045,0.5,0.07666666666666666,2,homophily_shift,28
0.007942094236960184,0.006978972884525814,0.006164692290810403,0.010682617535544336,0.5,0.08,2,homophily_shift,29
0.008308793078648069,0.00733257949569166,0.006432639301365617,0.01116116043888693,0.5,0.08,2,homophily_shift,30
0.008678740294053059,0.007688399099707199,0.006701909318150179,0.0116459124643018,0.5,0.08,2,homophily_shift,31
0.00905587093924933,0.008061841659904811,0.006971203253061997,0.01213456790478118,0.5,0.08333333333333333,2,homophily_shift,32
0.009450586569496175,0.008468146759960549,0.007243591422725348,0.012640021525802625,0.5,0.09333333333333334,2,homophily_shift,33
0.009884329858920385,0.008968906797532539,0.007517110417808448,0.01316697236142017,0.5,0.09666666666666666,2,homophily_shift,34
0.010329120092286351,0.009492967392337737,0.007791756840839326,0.013702636043681993,0.5,0.1,2,homophily_shift,35
0.010783867983693815,0.010033969401662957,0.008066907070686136,0.01425072747873235,0.5,0.10333333333333333,2,homophily_shift,36
0.011254891969865566,0.010597837997563031,0.008342117014797479,0.014824720897236188,0.5,0.11,2,homophily_shift,37
0.011747495547372255,0.011205910880767778,0.008618874804124044,0.015417700957224945,0.5,0.11,2,homophily_shift,38
0.01224583429019079,0.011822113057911976,0.008896390853238234,0.01601899895942216,0.5,0.11333333333333333,2,homophily_shift,39
0.012766947432042375,0.012480214497517184,0.009186782098499768,0.016633845700110172,0.5,0.11666666666666667,2,homophily_shift,40
0.013307144902491075,0.013180051367971068,0.00948351903067235,0.017257864308829807,0.5,0.12333333333333334,2,homophily_shift,41
0.013872440984033544,0.01393417874757491,0.009783932612336566,0.017899211592189157,0.5,0.12666666666666668,2,homophily_shift,42
0.014447299443311449,0.014708615703355965,0.010085054459136544,0.018548228167441838,0.5,0.12666666666666668,2,homophily_shift,43
0.015028691983589618,0.015492706394401923,0.010387211976220057,0.019206157580146876,0.5,0.12666666666666668,2,homophily_shift,44
0.015631212136342443,0.01631491619511849,0.01069025847353755,0.019888461740371288,0.5,0.13666666666666666,2,homophily_shift,45
0.016262276178327706,0.017200733344586328,0.01099437817883897,0.02059171701155782,0.5,0.14,2,homophily_shift,46
0.01689924711084299,0.01809534296645693,0.011298364784614545,0.021304033581457493,0.5,0.14,2,homophily_shift,47
0.017541995614061518,0.018999828618722736,0.011602214156220203,0.02202394406724162,0.5,0.14,2,homophily_shift,48
0.01819148131696478,0.0199153917811013,0.011906427306366596,0.02275262486342644,0.5,0.14,2,homophily_shift,49
0.018847993137241947,0.020842470698215432,0.012210952249957163,0.023490556463553247,0.5,0.14,2,homophily_shift,50
0.019512034229621427,0.021779726051921633,0.012515179034267798,0.024241197602674847,0.5,0.14333333333333334,2,homophily_shift,51
0.020186085204712472,0.02273256374029331,0.012820482400873412,0.02500520947297069,0.5,0.14333333333333334,2,homophily_shift,52
0.02086757890545249,0.02370029650097466,0.01312529875391577,0.025777141461467035,0.5,0.14666666666666667,2,homophily_shift,53
0.021574119783507928,0.024727444191478154,0.013431283462639998,0.026563631696405632,0.5,0.14666666666666667,2,homophily_shift,54
0.02229047306514113,0.02577111351460304,0.013737969096946578,0.02736233658387377,0.5,0.14666666666666667,2,homophily_shift,55
0.023013469455053188,0.026822094155638743,0.014052815396084273,0.02816549881343655,0.5,0.15,2,homophily_shift,56
0.02375394010470368,0.027886805505581924,0.014386238714198196,0.028988776094330926,0.5,0.15333333333333332,2,homophily_shift,57
0.0245166282756686,0.02897442512257381,0.014728730403985035,0.02984672930044696,0.5,0.16,2,homophily_shift,58
0.02531198722089813,0.030131707158593424,0.015085409444456133,0.03071884505964484,0.5,0.16,2,homophily_shift,59
